message_id,source,source_url,date,topic,issue_area,message_type,wording,support_pct,oppose_pct,net_score,preference_effect,effect_scale,sample_size,methodology,population,moe,tags,notes
BLP_20260121_001,Blueprint Research,https://blueprint-research.com/polling/trump-economy-1-21/,2026-01-21,economy,affordability,negative,"Trump calls affordability a ""fake narrative"" or ""con job""",,,,27,net_concern,,online_panel,voters,,blueprint;trump;economy;affordability;concern,"Highest net concern. +12 Republicans, +33 independents."
BLP_20260121_002,Blueprint Research,https://blueprint-research.com/polling/trump-economy-1-21/,2026-01-21,economy,regional_disparity,negative,Bessent cites CEA study to suggest moving to red states,,,,27,net_concern,,online_panel,voters,,blueprint;trump;economy;bessent;red_states,"+27 overall, +27 independents net concern."
BLP_20260121_003,Blueprint Research,https://blueprint-research.com/polling/trump-economy-1-21/,2026-01-21,economy,affordability,negative,Trump says affordability is much better under his administration,,,,27,net_concern,,online_panel,independents,,blueprint;trump;economy;affordability;independents,+27 net concern among independents.
BLP_20251205_001,Blueprint Research,https://blueprint-research.com/polling/dem-message-test-2-5/,2025-12-05,democracy,vision,vision,Fights—really fights—for all of us,,,,14,maxdiff,2572,online_panel,likely_voters,2.2,maxdiff;vision;fight;all_of_us,MaxDiff of 10 Democratic vision statements. #1 overall.
BLP_20251205_002,Blueprint Research,https://blueprint-research.com/polling/dem-message-test-2-5/,2025-12-05,democracy,vision,vision,Make the fight to restore the American Dream the heart of our party,,,,12,maxdiff,2572,online_panel,likely_voters,2.2,maxdiff;vision;american_dream,MaxDiff of 10.
BLP_20251205_003,Blueprint Research,https://blueprint-research.com/polling/dem-message-test-2-5/,2025-12-05,culture_war,anti_woke,vision,Anti-performative woke politics,,,,-11,maxdiff,2572,online_panel,likely_voters,2.2,maxdiff;anti_woke;worst,Worst performing message. -33 among Democrats.
BLP_20251205_004,Blueprint Research,https://blueprint-research.com/polling/dem-message-test-2-5/,2025-12-05,economy,cost_of_living,vision,Laser-focus on making life affordable and expanding the social safety net,,,,17,maxdiff,2572,online_panel,likely_voters,2.2,blueprint;vision;affordability;safety_net,MaxDiff of 10 Democratic vision statements. Democrats' 2nd most preferred statement.
BLP_20251205_005,Blueprint Research,https://blueprint-research.com/polling/dem-message-test-2-5/,2025-12-05,democracy,governance,vision,A government that is every bit as ambitious as our adversaries,,,,12,maxdiff,2572,online_panel,likely_voters,2.2,blueprint;vision;ambition;governance,MaxDiff of 10 Democratic vision statements. +12 among Democrats.
BLP_20251205_006,Blueprint Research,https://blueprint-research.com/polling/dem-message-test-2-5/,2025-12-05,democracy,oligarchy,vision,A Democrat Party that fights—really fights—for all of us by calling out oligarchy and concentrated corporate power,,,-6,3,maxdiff,2572,online_panel,likely_voters,2.2,blueprint;vision;oligarchy,"MaxDiff of 10. +3 Democrats, -4 independents, -6 overall. | Expanded from summary label; original wording is a Blueprint survey category label"
BLP_20251205_007,Blueprint Research,https://blueprint-research.com/polling/dem-message-test-2-5/,2025-12-05,economy,aspirational,vision,"""Get rich"" language with no named antagonist",,,-16,-16,maxdiff,2572,online_panel,likely_voters,2.2,blueprint;vision;worst;get_rich,Worst performing message. -33 among Democrats.
BLP_20251114_001,Blueprint Research,https://blueprint-research.com/polling/build-a-dem-workshop/,2025-11-14,politics,candidate_bio,positive,Working-class background (ideal Democrat bio trait),,,,8,preference_effect,3028,online_panel,voters,2.1,blueprint;candidate_bio;working_class,"Ideal Democrat bio traits. Working-class +8, Veteran +8, Middle-class +8."
BLP_20251114_002,Blueprint Research,https://blueprint-research.com/polling/build-a-dem-workshop/,2025-11-14,politics,candidate_bio,positive,"Guided by science, evidence, and facts",,,,7,preference_effect,3028,online_panel,voters,2.1,blueprint;candidate_bio;science,Ideal Democrat bio trait. +7 preference effect.
BLP_20251114_003,Blueprint Research,https://blueprint-research.com/polling/build-a-dem-workshop/,2025-11-14,economy,cost_of_living,positive,Bringing down prices of food and goods,,,,20,preference_effect,3028,online_panel,voters,2.1,blueprint;cost_of_living;food_prices,"+20 overall, +18 independents, +23 Democrats. Top issue priority."
BLP_20251114_004,Blueprint Research,https://blueprint-research.com/polling/build-a-dem-workshop/,2025-11-14,politics,candidate_bio,positive,"Perfect candidate combined: Working-class veteran guided by science and facts, created jobs in private sector, believes in finding common ground. Running on protecting SS/Medicare, bringing down prices, making healthcare affordable.",,,,35,combined_preference,3028,online_panel,voters,2.1,blueprint;candidate_bio;perfect_candidate,Combined preference effect of +35 for the perfect Democrat candidate.
BLP_20251114_005,Blueprint Research,https://blueprint-research.com/polling/build-a-dem-workshop/,2025-11-14,politics,candidate_bio,negative,"A background as a billionaire, which voters strongly dislike as a candidate biography trait",,,,-11,preference_effect,3028,online_panel,voters,2.1,blueprint;candidate_bio;billionaire;negative,"What hurts a Democrat candidate. -11 overall, -18 Democrats. | Expanded from summary label; original wording is a Blueprint survey category label"
BLP_20251114_007,Blueprint Research,https://blueprint-research.com/polling/build-a-dem-workshop/,2025-11-14,politics,candidate_bio,negative,"A background as a podcaster, which performs poorly as a candidate biography trait",,,,-9,preference_effect,3028,online_panel,voters,2.1,blueprint;candidate_bio;podcaster;negative,-9 preference effect. | Expanded from summary label; original wording is a Blueprint survey category label
BLP_20251110_001,Blueprint Research,https://blueprint-research.com/polling/authoritarian-test/,2025-11-10,democracy,authoritarianism,negative,Trump action: Firing BLS director over jobs data,50,59,,,authoritarian_perception,3028,online_panel,voters,2.1,blueprint;authoritarian;trump,"50% view as authoritarian, 59% oppose. 25 Trump actions tested."
BLP_20251110_002,Blueprint Research,https://blueprint-research.com/polling/authoritarian-test/,2025-11-10,democracy,authoritarianism,negative,Trump action: Deploying National Guard to cities,50,,,,authoritarian_perception,3028,online_panel,voters,2.1,blueprint;authoritarian;trump,50% view as authoritarian. 25 Trump actions tested.
BLP_20251110_003,Blueprint Research,https://blueprint-research.com/polling/authoritarian-test/,2025-11-10,democracy,authoritarianism,negative,Trump action: Firing Jan 6 prosecutors,49,60,,,authoritarian_perception,3028,online_panel,voters,2.1,blueprint;authoritarian;trump,"49% view as authoritarian, 60% oppose. 25 Trump actions tested."
BLP_20251110_004,Blueprint Research,https://blueprint-research.com/polling/authoritarian-test/,2025-11-10,democracy,authoritarianism,negative,Trump action: FBI raid on John Bolton,49,,,,authoritarian_perception,3028,online_panel,voters,2.1,blueprint;authoritarian;trump,49% view as authoritarian. 25 Trump actions tested.
BLP_20251110_005,Blueprint Research,https://blueprint-research.com/polling/authoritarian-test/,2025-11-10,democracy,authoritarianism,negative,Trump action: Masked ICE raids without badge or warrant,49,60,,,authoritarian_perception,3028,online_panel,voters,2.1,blueprint;authoritarian;trump,"49% view as authoritarian, 60% oppose. 25 Trump actions tested."
BLP_20251110_006,Blueprint Research,https://blueprint-research.com/polling/authoritarian-test/,2025-11-10,democracy,authoritarianism,negative,Trump action: FCC pulling NBC/ABC licenses,49,62,,,authoritarian_perception,3028,online_panel,voters,2.1,blueprint;authoritarian;trump,"49% view as authoritarian, 62% oppose. 25 Trump actions tested."
BLP_20251110_007,Blueprint Research,https://blueprint-research.com/polling/authoritarian-test/,2025-11-10,democracy,authoritarianism,negative,Trump action: DOGE/grant manipulation,48,,,,authoritarian_perception,3028,online_panel,voters,2.1,blueprint;authoritarian;trump,48% view as authoritarian. 25 Trump actions tested.
BLP_20251110_008,Blueprint Research,https://blueprint-research.com/polling/authoritarian-test/,2025-11-10,democracy,authoritarianism,negative,Trump action: Pardoning Jan 6 rioters and punishing investigators,48,60,,,authoritarian_perception,3028,online_panel,voters,2.1,blueprint;authoritarian;trump,"48% view as authoritarian, 60% oppose. 25 Trump actions tested."
BLP_20251110_009,Blueprint Research,https://blueprint-research.com/polling/authoritarian-test/,2025-11-10,democracy,authoritarianism,negative,Trump action: Threatening Chris Christie,48,62,,,authoritarian_perception,3028,online_panel,voters,2.1,blueprint;authoritarian;trump,"48% view as authoritarian, 62% oppose. 25 Trump actions tested."
BLP_20251110_010,Blueprint Research,https://blueprint-research.com/polling/authoritarian-test/,2025-11-10,democracy,authoritarianism,negative,Trump action: Self-dealing/enrichment by Trump,42,64,,,authoritarian_perception,3028,online_panel,voters,2.1,blueprint;authoritarian;trump,"42% view as authoritarian, 64% oppose (highest opposition). 25 Trump actions tested."
BLP_20250924_001,Blueprint Research,https://blueprint-research.com/polling/build-a-dem-workshop/,2025-09-24,social_security,ssn_medicare,policy_proposal,Protecting Social Security and Medicare,,,,21,maxdiff,3028,online_panel,voters,2.1,maxdiff;ss_medicare;top_issue,Highest preference effect across ALL tested issues.
BLP_20250924_002,Blueprint Research,https://blueprint-research.com/polling/build-a-dem-workshop/,2025-09-24,economy,cost_of_living,policy_proposal,Bringing down prices of food and goods,,,,20,maxdiff,3028,online_panel,voters,2.1,maxdiff;cost_of_living;food_prices,Second highest preference effect.
BLP_20250924_004,Blueprint Research,https://blueprint-research.com/polling/authoritarian-test/,2025-09-24,democracy,authoritarianism,negative,Using executive orders to target political enemies,54,60,-6,,,3028,online_panel,voters,2.1,authoritarian;executive_orders;political_enemies,54% view as authoritarian. 60% oppose.
BLP_20241108_001,Blueprint Research,https://blueprint-research.com/polling/why-trump-reasons-11-8/,2024-11-08,economy,inflation,negative,Inflation too high under Biden-Harris,,,,24,relative_importance,3262,online_panel,voters,,relative_importance;inflation;top_reason,Highest relative importance for voting against Harris.
BLP_20241108_002,Blueprint Research,https://blueprint-research.com/polling/why-trump-reasons-11-8/,2024-11-08,immigration,border_security,negative,Too many immigrants crossed the border under Biden-Harris,,,,23,relative_importance,3262,online_panel,voters,,relative_importance;immigration;border,Second highest.
BLP_20241108_003,Blueprint Research,https://blueprint-research.com/polling/why-trump-reasons-11-8/,2024-11-08,culture_war,cultural_issues,negative,"Harris focused on cultural issues, not the middle class",,,,17,relative_importance,3262,online_panel,voters,,blueprint;why_trump;cultural_issues;middle_class,Relative importance for not voting for Harris. #3 reason.
BLP_20241108_004,Blueprint Research,https://blueprint-research.com/polling/why-trump-reasons-11-8/,2024-11-08,economy,debt,negative,Debt rose too much under Biden-Harris,,,,13,relative_importance,3262,online_panel,voters,,blueprint;why_trump;debt;deficit,Relative importance for not voting for Harris. #4 reason.
BLP_20241108_005,Blueprint Research,https://blueprint-research.com/polling/why-trump-reasons-11-8/,2024-11-08,politics,biden_similarity,negative,"Kamala Harris is too similar to Joe Biden, a reason voters gave for not supporting her",,,,12,relative_importance,3262,online_panel,voters,,blueprint;why_trump;biden;similarity,Relative importance for not voting for Harris. #5 reason. | Expanded from summary label; original wording is a Blueprint survey category label
BLP_20241108_006,Blueprint Research,https://blueprint-research.com/polling/why-trump-reasons-11-8/,2024-11-08,culture_war,cultural_issues,negative,Cultural issues (swing voters who chose Trump),,,,28,relative_importance,3262,online_panel,voters,,blueprint;swing_voters;cultural_issues,Swing voters who chose Trump. Cultural issues ranked #1 at +28 relative importance.
BLP_20241108_007,Blueprint Research,https://blueprint-research.com/polling/why-trump-reasons-11-8/,2024-11-08,economy,inflation,negative,Inflation (swing voters who chose Trump),,,,23,relative_importance,3262,online_panel,voters,,blueprint;swing_voters;inflation,Swing voters who chose Trump. Inflation at +23 relative importance.
BLP_20241108_008,Blueprint Research,https://blueprint-research.com/polling/why-trump-reasons-11-8/,2024-11-08,politics,biden_similarity,positive,Harris not similar enough to Biden,,,,-24,relative_importance,3262,online_panel,voters,,blueprint;why_trump;negative_reason,Lowest ranking negative reason for voting against Harris. -24 relative importance.
BLP_20241108_009,Blueprint Research,https://blueprint-research.com/polling/why-trump-reasons-11-8/,2024-11-08,politics,ideology,positive,"Kamala Harris is too conservative, a low-ranked reason voters gave for not supporting her",,,,-27,relative_importance,3262,online_panel,voters,,blueprint;why_trump;negative_reason,Lowest ranking. -27 relative importance. | Expanded from summary label; original wording is a Blueprint survey category label
BLP_20241108_010,Blueprint Research,https://blueprint-research.com/polling/why-trump-reasons-11-8/,2024-11-08,foreign_policy,israel,positive,"Kamala Harris is too pro-Israel, a low-ranked reason voters gave for not supporting her",,,,-22,relative_importance,3262,online_panel,voters,,blueprint;why_trump;israel;negative_reason,Lowest ranking. -22 relative importance. | Expanded from summary label; original wording is a Blueprint survey category label
BLP_20241016_001,Blueprint Research,https://blueprint-research.com/polling/trump-closing-argument-10-16/,2024-10-16,democracy,trump_cabinet,negative,"Nearly half of Donald Trump's cabinet have refused to endorse him...when Trump learned his supporters were threatening to kill his own VP, he said 'so what'...",,,,12,preference_effect,2993,online_panel,voters,,blueprint;closing_argument;trump;cabinet;endorsements,"Republican endorsements message. +12 overall, +14 independents. Sample: 2,993 voters."
BLP_20241016_002,Blueprint Research,https://blueprint-research.com/polling/trump-closing-argument-10-16/,2024-10-16,abortion,roe_v_wade,negative,"Donald Trump appointed the judges who overturned Roe vs. Wade. Since then, Trump abortion bans in 22 states and women are dying...",,,,10,preference_effect,2993,online_panel,voters,,blueprint;closing_argument;abortion;roe,"Roe v. Wade message. +10 overall, +12 independents."
BLP_20241015_001,Blueprint Research,https://blueprint-research.com/polling/distance-biden-ads-message-test-10-15/,2024-10-15,healthcare,medicare_at_home,positive,Expand Medicare to cover at-home care for seniors,,,,10,preference_effect,,online_panel,voters,,blueprint;medicare;at_home_care;seniors,"Best distancing message. +10 overall, +10 independents."
BLP_20241015_002,Blueprint Research,https://blueprint-research.com/polling/distance-biden-ads-message-test-10-15/,2024-10-15,economy,price_gouging,positive,Corporate price-gouging crackdown,,,,7,preference_effect,,online_panel,voters,,blueprint;price_gouging;corporate,"+7 overall, +15 independents."
BLP_20241009_003,Blueprint Research,https://blueprint-research.com/polling/haley-voters-10-10/,2024-10-10,social_security,ss_medicare_vs_tax_cuts,contrast,Protecting Social Security and Medicare from Trump tax cuts,,,,21,boost,,online_panel,haley_voters,,blueprint;haley_voters;ss_medicare;tax_cuts,Top message: +21 boost for Harris among Haley voters.
BLP_20241009_001,Blueprint Research,https://blueprint-research.com/polling/haley-voters-10-9/,2024-10-09,economy,price_gouging,policy,Law banning excessive grocery prices,70,9,+61,,,,online_panel,haley_voters,,blueprint;haley_voters;price_gouching;grocery,70% support among Haley voters. Net +61. Part 2.
BLP_20241009_002,Blueprint Research,https://blueprint-research.com/polling/haley-voters-10-9/,2024-10-09,social_security,ss_medicare,positive,Harris message on protecting Social Security,,,,30,boost,,online_panel,haley_voters,,blueprint;haley_voters;social_security;harris_boost,+30 boost for Harris among Haley voters on protecting Social Security.
BLP_20241007_001,Blueprint Research,https://blueprint-research.com/polling/harris-interviews-test-10-7/,2024-10-07,economy,manufacturing,clip_test,Harris on US Steel/Nippon manufacturing response: supporting American manufacturing and workers,,,,2.1,preference_shift_pts,5764,online_panel,voters,,blueprint;harris;manufacturing;steel,"+2.1 support effect, 66% positive, 64% favorable among 5,764 voters."
BLP_20241007_002,Blueprint Research,https://blueprint-research.com/polling/harris-interviews-test-10-7/,2024-10-07,economy,opportunity_economy,clip_test,Harris opportunity economy vision message,,,,2.1,preference_shift_pts,5764,online_panel,voters,,blueprint;harris;opportunity_economy,"+2.1 support effect, +2.8 favorability effect, 64% positive."
BLP_20241002_001,Blueprint Research,https://blueprint-research.com/polling/biden-distance-10-2-message-test/,2024-10-02,economy,corporate_greed,contrast,"I'm not happy with what greedy corporate giants got away with. Joe Biden needed to get economy back on track...companies took advantage...As president, I will be tougher on unethical businesses than Joe Biden was.",,,,,,,online_panel,voters,,blueprint;harris;corporate_greed;biden_distance,Best distancing message from Biden on corporate greed.
BLP_20241002_002,Blueprint Research,https://blueprint-research.com/polling/biden-distance-10-2-message-test/,2024-10-02,immigration,border_security,contrast,I want to take a different approach to Biden on immigration...from my background as a prosecutor...we need to be really enforcing our laws at the border.,,,,,,,online_panel,voters,,blueprint;harris;immigration;biden_distance,Best distancing message from Biden on immigration.
BLP_20241002_003,Blueprint Research,https://blueprint-research.com/polling/biden-distance-10-2-message-test/,2024-10-02,politics,gaffe,negative,"""Not a thing comes to mind"" (The View) - Harris asked what she would do differently from Biden",,,-21,-21,drag_points,,online_panel,voters,,blueprint;harris;worst;gaffe;the_view,"Worst tested -21 point drag overall, -26 among independents."
BLP_20240919_001,Blueprint Research,https://blueprint-research.com/polling/interview-test-9-19/,2024-09-19,politics,kamala_harris,clip_test,Harris video clip: Appoint a Republican to cabinet,,,,2.1,preference_shift_pts,,online_panel,voters,,blueprint;harris;clip_test;interview,"Harris support effect in pts. 65% positive, 57% know more"
BLP_20240919_002,Blueprint Research,https://blueprint-research.com/polling/interview-test-9-19/,2024-09-19,politics,kamala_harris,clip_test,Harris video clip: Biden dropping out perspective,,,,1.9,preference_shift_pts,,online_panel,voters,,blueprint;harris;clip_test;interview,"Harris support effect in pts. 63% positive, 57% know more"
BLP_20240919_003,Blueprint Research,https://blueprint-research.com/polling/interview-test-9-19/,2024-09-19,politics,kamala_harris,clip_test,Harris video clip: Border/immigration answer on CNN,,,,1.6,preference_shift_pts,,online_panel,voters,,blueprint;harris;clip_test;interview,"Harris support effect in pts. 62% positive, 58% know more"
BLP_20240919_004,Blueprint Research,https://blueprint-research.com/polling/interview-test-9-19/,2024-09-19,politics,kamala_harris,clip_test,Harris video clip: Opportunity economy vision (6ABC),,,,1.5,preference_shift_pts,,online_panel,voters,,blueprint;harris;clip_test;interview,"Harris support effect in pts. 64% positive, 58% know more"
BLP_20240919_005,Blueprint Research,https://blueprint-research.com/polling/interview-test-9-19/,2024-09-19,politics,kamala_harris,clip_test,"Harris video clip: ""More in common than separates us""",,,,1.5,preference_shift_pts,,online_panel,voters,,blueprint;harris;clip_test;interview,"Harris support effect in pts. 61% positive, 57% know more"
BLP_20240919_006,Blueprint Research,https://blueprint-research.com/polling/interview-test-9-19/,2024-09-19,politics,kamala_harris,clip_test,Harris video clip: Fracking/energy answer,,,,1.4,preference_shift_pts,,online_panel,voters,,blueprint;harris;clip_test;interview,"Harris support effect in pts. 59% positive, 58% know more"
BLP_20240830_001,Blueprint Research,https://blueprint-research.com/polling/ads-test-harris-8-30/,2024-08-30,abortion,abortion_contrast,contrast,Abortion contrast ad: Harris vs. Trump on abortion rights,,,,3.5,preference_effect,,online_panel,voters,,blueprint;ads;abortion;contrast,"Best ad. +3.5 overall, +9.2 independents."
BLP_20240830_002,Blueprint Research,https://blueprint-research.com/polling/ads-test-harris-8-30/,2024-08-30,healthcare,harris_healthcare,positive,Positive Harris healthcare ad — tested ad messaging showing Harris's healthcare plans,,,,3.4,preference_effect,,online_panel,voters,,blueprint;ads;healthcare;harris,+3.4 overall preference effect. | Expanded from summary label; original wording is a Blueprint survey category label
BLP_20240830_003,Blueprint Research,https://blueprint-research.com/polling/ads-test-harris-8-30/,2024-08-30,abortion,harris_abortion,positive,Positive Harris abortion ad — tested ad messaging on abortion rights,,,,3.4,preference_effect,,online_panel,voters,,blueprint;ads;abortion;harris,+3.4 overall preference effect. | Expanded from summary label; original wording is a Blueprint survey category label
BLP_20240830_004,Blueprint Research,https://blueprint-research.com/polling/ads-test-harris-8-30/,2024-08-30,healthcare,healthcare_contrast,contrast,Healthcare contrast ad (Harris vs. Trump on healthcare),,,,10.7,preference_effect,,online_panel,independents,,blueprint;ads;healthcare;independents,Among independents: +10.7 preference effect.
BLP_20240830_005,Blueprint Research,https://blueprint-research.com/polling/ads-test-harris-8-30/,2024-08-30,abortion,harris_abortion,positive,Harris abortion ad (independents),,,,10.3,preference_effect,,online_panel,independents,,blueprint;ads;abortion;independents,Among independents: +10.3 preference effect.
BLP_20240830_006,Blueprint Research,https://blueprint-research.com/polling/ads-test-harris-8-30/,2024-08-30,economy,tax_cuts,negative,Trump tax cuts lead to healthcare cuts,,,,1.3,preference_effect,,online_panel,voters,,blueprint;ads;tax_cuts;healthcare;lowest,Lowest performing ad. +1.3 preference effect.
BLP_20240830_007,Blueprint Research,https://blueprint-research.com/polling/ads-test-harris-8-30/,2024-08-30,abortion,trump_anti_choice,negative,Trump anti-choice agenda ad — tested ad messaging warning about Trump's abortion record,,,,1.5,preference_effect,,online_panel,voters,,blueprint;ads;abortion;trump;lowest,Lowest performing. +1.5 preference effect. | Expanded from summary label; original wording is a Blueprint survey category label
BLP_20240724_001,Blueprint Research,https://blueprint-research.com/polling/harris-poll-message-test-7-24/,2024-07-24,economy,populist_economic,positive,"Populist economic message: deficit reduction, all-of-above energy, prosecute price-gouging, Medicare drug negotiation",61,,,,,,online_panel,voters,,blueprint;harris;populist;economic,"Most compelling of 15 tested pro-Harris messages. 61% overall, 61% independents, 61% all age/gender groups, 64% non-college, 63% Republicans."
BLP_20240320_002,Blueprint Research,https://blueprint-research.com/polling/trump-musk-vulnerabilities-3-20/,2024-03-20,politics,musk_favorability,tracking_poll,Elon Musk favorability — tested public opinion on Elon Musk,,,-16,,net_favorability,,online_panel,voters,,blueprint;musk;favorability,Musk net favorability: -16. | Expanded from summary label; original wording is a Blueprint survey category label
BLP_20240320_003,Blueprint Research,https://blueprint-research.com/polling/trump-musk-vulnerabilities-3-20/,2024-03-20,politics,musk_admin_role,tracking_poll,Elon Musk role in Trump administration approval,38,56,-18,,net_approval,,online_panel,voters,,blueprint;musk;admin_role;approval,"38% approve, 56% disapprove of Musk role in administration. Net -18. Dems -82, Inds -28, Reps +55."
BLP_20240306_001,Blueprint Research,https://blueprint-research.com/polling/back-to-basics-3-6/,2024-03-06,immigration,remain_in_mexico,contrast,Remain in Mexico policy reinstated by Trump — voters prefer alternative approach,72,,,22,boost,1383,online_panel,registered_voters,3.51,blueprint;immigration;remain_in_mexico;border,72% preferred alternative to Remain in Mexico. +22 boost. From Back to Basics poll.
BLP_20240306_002,Blueprint Research,https://blueprint-research.com/polling/back-to-basics-3-6/,2024-03-06,healthcare,trump_healthcare,negative,Trump healthcare net approval — tested approval rating of Trump's healthcare policies,,,-10,,net_approval,1383,online_panel,registered_voters,3.51,blueprint;healthcare;trump;net_approval,"Trump healthcare net approval: -10. Also inflation: -10, corruption: -4. | Expanded from summary label; original wording is a Blueprint survey category label"
BLP_20240306_003,Blueprint Research,https://blueprint-research.com/polling/back-to-basics-3-6/,2024-03-06,economy,food_prices,contrast,"Social Security, Medicare threats and food prices messages outperform broad democracy attacks",,,,,,1383,online_panel,registered_voters,3.51,blueprint;ss_medicare;food_prices;messaging,SS/Medicare threats and food prices messages outperform broad democracy attacks.
BLP_20240216_001,Blueprint Research,https://blueprint-research.com/polling/back-to-basics-3-6/,2024-02-16,social_security,ssn_medicare,contrast,Trump and Republicans are cutting Social Security and Medicare to pay for billionaire tax cuts,56,,,,,1383,online_panel,registered_voters,3.51,ss_medicare;tax_cuts;billionaires;most_selected,56% selected as most effective anti-Trump message.
NAV_20260507_001,Navigator Research,https://navigatorresearch.org/insurance-and-pharmaceutical-companies-blamed-for-rising-healthcare-costs/,2026-05-07,healthcare,,tracking_poll,Americans blame health insurance companies for healthcare system issues,61,,,blame_question,,1000,online_panel,registered_voters,3.1,navigator;healthcare,From article: Insurance and Pharmaceutical Companies Blamed for Rising Healthcare Costs. Field: Apr 23-27 2026.
NAV_20260507_002,Navigator Research,https://navigatorresearch.org/insurance-and-pharmaceutical-companies-blamed-for-rising-healthcare-costs/,2026-05-07,healthcare,,tracking_poll,Americans blame pharmaceutical companies for healthcare system issues,52,,,blame_question,,1000,online_panel,registered_voters,3.1,navigator;healthcare,From article: Insurance and Pharmaceutical Companies Blamed for Rising Healthcare Costs. Field: Apr 23-27 2026.
NAV_20260507_003,Navigator Research,https://navigatorresearch.org/insurance-and-pharmaceutical-companies-blamed-for-rising-healthcare-costs/,2026-05-07,healthcare,,tracking_poll,Americans blame federal lawmakers for healthcare system issues,47,,,blame_question,,1000,online_panel,registered_voters,3.1,navigator;healthcare,From article: Insurance and Pharmaceutical Companies Blamed for Rising Healthcare Costs.
NAV_20260507_004,Navigator Research,https://navigatorresearch.org/insurance-and-pharmaceutical-companies-blamed-for-rising-healthcare-costs/,2026-05-07,healthcare,,tracking_poll,Views on MAHA (Make America Healthy Again) - Favorable,39,40,-1,favorability,,1000,online_panel,registered_voters,3.1,navigator;healthcare,From article: Insurance and Pharmaceutical Companies Blamed for Rising Healthcare Costs. Down from +9 in Aug 2025.
NAV_20260507_005,Navigator Research,https://navigatorresearch.org/insurance-and-pharmaceutical-companies-blamed-for-rising-healthcare-costs/,2026-05-07,healthcare,,tracking_poll,Rate availability/affordability of US healthcare as 'not so good' or 'poor',59,,,rating,,1000,online_panel,registered_voters,3.1,navigator;healthcare,From article: Insurance and Pharmaceutical Companies Blamed for Rising Healthcare Costs.
NAV_20260507_006,Navigator Research,https://navigatorresearch.org/insurance-and-pharmaceutical-companies-blamed-for-rising-healthcare-costs/,2026-05-07,healthcare,,tracking_poll,Not confident in ability to access quality affordable healthcare,30,,,confidence,,1000,online_panel,registered_voters,3.1,navigator;healthcare,Up from 23% in 2020.
NAV_20260507_007,Navigator Research,https://navigatorresearch.org/insurance-and-pharmaceutical-companies-blamed-for-rising-healthcare-costs/,2026-05-07,healthcare,,tracking_poll,Want government to prioritize healthcare,39,,,priority,,1000,online_panel,registered_voters,3.1,navigator;healthcare,Only 14% think Trump/GOP focused on it.
NAV_20260429_001,Navigator Research,https://navigatorresearch.org/two-months-later-most-americans-dont-think-trumps-war-with-iran-is-worth-it-and-see-no-end-in-sight/,2026-04-29,foreign_policy,,tracking_poll,Say the war with Iran is not worth it,50,,,opinion,,1000,online_panel,registered_voters,3.1,navigator;foreign_policy,From article: Two Months Later. Includes 54% of independents and 24% of Republicans.
NAV_20260429_002,Navigator Research,https://navigatorresearch.org/two-months-later-most-americans-dont-think-trumps-war-with-iran-is-worth-it-and-see-no-end-in-sight/,2026-04-29,foreign_policy,,tracking_poll,Oppose U.S. military action against Iran,49,,,opposition,,1000,online_panel,registered_voters,3.1,navigator;foreign_policy,From article: Two Months Later. Includes 21% of Trump 2024 voters.
NAV_20260429_003,Navigator Research,https://navigatorresearch.org/two-months-later-most-americans-dont-think-trumps-war-with-iran-is-worth-it-and-see-no-end-in-sight/,2026-04-29,foreign_policy,,tracking_poll,Disapprove of Trump's handling of foreign policy,58,,,approval,,1000,online_panel,registered_voters,3.1,navigator;foreign_policy,Net approval -21 (down from -6 in June 2025). 67% of independents.
NAV_20260429_004,Navigator Research,https://navigatorresearch.org/two-months-later-most-americans-dont-think-trumps-war-with-iran-is-worth-it-and-see-no-end-in-sight/,2026-04-29,foreign_policy,,tracking_poll,Expect conflict with Iran to last months or longer,64,,,expectation,,1000,online_panel,registered_voters,3.1,navigator;foreign_policy,Up 11pts since March 2026. 38% say year+.
NAV_20260429_005,Navigator Research,https://navigatorresearch.org/two-months-later-most-americans-dont-think-trumps-war-with-iran-is-worth-it-and-see-no-end-in-sight/,2026-04-29,foreign_policy,,tracking_poll,Worried U.S. will be bogged down in Iran conflict,70,,,concern,,1000,online_panel,registered_voters,3.1,navigator;foreign_policy,Includes 55% of Republicans.
NAV_20260429_006,Navigator Research,https://navigatorresearch.org/two-months-later-most-americans-dont-think-trumps-war-with-iran-is-worth-it-and-see-no-end-in-sight/,2026-04-29,foreign_policy,,tracking_poll,Say Trump has no clear plan or timeline for the war,57,,,opinion,,1000,online_panel,registered_voters,3.1,navigator;foreign_policy,"Includes 58% of independents, 30% of Republicans."
NAV_20260428_001,Navigator Research,https://navigatorresearch.org/special-report-who-do-americans-trust/,2026-04-28,healthcare,party_trust,tracking_poll,Trust Democrats vs. Republicans on healthcare — Democrats lead,54,,,,,1000,online_panel,registered_voters,3.1,navigator;trust;healthcare;party_comparison,"Democratic trust peaked during One Big Beautiful Bill Act debate. After adding ""neither"" option, Dems dropped 8%, GOP dropped 6%. Survey Apr 2-6 2026."
NAV_20260428_002,Navigator Research,https://navigatorresearch.org/special-report-who-do-americans-trust/,2026-04-28,economy,inflation,tracking_poll,"Trust Democrats vs. Republicans on inflation/cost of living — 37% D, 34% R, 23% neither",37,34,3,,,1000,online_panel,registered_voters,3.1,navigator;trust;economy;inflation;party_comparison,"After adding ""neither"" option: Democrats dropped 12%, Republicans dropped 8%. Survey Apr 2-6 2026."
NAV_20260428_003,Navigator Research,https://navigatorresearch.org/special-report-who-do-americans-trust/,2026-04-28,immigration,party_trust,tracking_poll,Trust Republicans on immigration — declined from 58% (Jan 2025) to 42% (Feb 2026),42,,,,,1000,online_panel,registered_voters,3.1,navigator;trust;immigration;trend,"Sharp decline: 58→49→46→42%. Key events: National Guard deployment to LA, immigration actions in Minnesota. Survey Apr 2-6 2026."
NAV_20260428_004,Navigator Research,https://navigatorresearch.org/special-report-who-do-americans-trust/,2026-04-28,government,party_trust,tracking_poll,"Trust Republicans on ""getting things done"" — 41% R vs 31% D, 23% neither",41,31,10,,,1000,online_panel,registered_voters,3.1,navigator;trust;government;party_comparison,"Republican advantage. After ""neither"" option: GOP dropped 7%, Dems dropped 8%. Survey Apr 2-6 2026."
NAV_20260428_005,Navigator Research,https://navigatorresearch.org/special-report-who-do-americans-trust/,2026-04-28,politics,party_trust,tracking_poll,"Trust Democrats on ""looking out for people like me"" — net +5 advantage",,,,,,1000,online_panel,registered_voters,3.1,navigator;trust;values;party_comparison,"23% trust neither party, 7% don't know. ""Slight Democratic advantage."" Survey Apr 2-6 2026."
NAV_20260414_001,Navigator Research,https://navigatorresearch.org/views-on-republican-tax-policies/,2026-04-14,economy,tax_policy,tracking_poll,Republican tax law favorability,36,49,-13,,net_favorability,1000,online_panel,registered_voters,3.1,navigator;tax;gop_tax_law,"Republican tax law remains net -13 unfavorable. Field: Apr 2-6, 2026."
NAV_20260414_002,Navigator Research,https://navigatorresearch.org/views-on-republican-tax-policies/,2026-04-14,economy,tax_trust,tracking_poll,Trust Democrats vs. Republicans on taxes (tied at 34%),34,34,0,,trust,1000,online_panel,registered_voters,3.1,navigator;tax;trust;democrats;republicans,"Trust on taxes: Democrats 34%, Trump/Republicans 34%. Republicans lost 6-pt advantage from Jan 2026. 24% trust neither."
NAV_20260414_003,Navigator Research,https://navigatorresearch.org/views-on-republican-tax-policies/,2026-04-14,economy,tax_policy,tracking_poll,Tax law does not benefit the middle class,48,28,+20,,agreement,1000,online_panel,registered_voters,3.1,navigator;tax;middle_class,"48% agree tax law does not benefit middle class. 24% say ""don't know enough to say."""
NAV_20260414_004,Navigator Research,https://navigatorresearch.org/views-on-republican-tax-policies/,2026-04-14,economy,tax_policy,tracking_poll,Costs of tax law outweigh benefits,44,31,+13,,agreement,1000,online_panel,registered_voters,3.1,navigator;tax;costs_vs_benefits,44% agree costs outweigh benefits.
NAV_20260414_005,Navigator Research,https://navigatorresearch.org/views-on-republican-tax-policies/,2026-04-14,economy,tax_policy,rebuttal,"Democrats say the One Big Beautiful Bill cuts programs people depend on, like Medicaid and SNAP, to pay for tax cuts for billionaires and big corporations, leaving millions unable to put food on the table or afford health care.",,,,,,1000,online_panel,registered_voters,3.1,navigator;tax;medicaid;snap;billionaires;rebuttal,Most effective rebuttal message against Republican tax law.
NAV_20260414_006,Navigator Research,https://navigatorresearch.org/views-on-republican-tax-policies/,2026-04-14,economy,tariffs,rebuttal,"Democrats say because of Trump and Republicans, the average American could pay thousands more this year in costs because of tariffs and increased gas prices, which would wipe out any possible savings from the One Big Beautiful Bill.",,,,,,1000,online_panel,registered_voters,3.1,navigator;tax;tariffs;gas_prices;rebuttal,Still effective rebuttal: tariffs and gas prices wipe out tax savings.
NAV_20260406_057,Navigator Research,https://navigatorresearch.org/views-on-republican-tax-policies/,2026-04-06,healthcare,,tested_message,"Those who say we should absolutely root out waste, fraud, and abuse in government and hold bad actors accountable. But, Medicaid, SNAP, and the Affordable Care Act help millions of people afford the basics. We should not be cutting these programs at a time when so many people are struggling with high costs",65.0,,,,,1000,online_panel,registered_voters,3.1,navigator;healthcare,"From Navigator topline Navigator-April-1-Topline-F04.06.26_cleaned.txt, question Q48A. - side 1. Field: 2026-04-06."
NAV_20260406_058,Navigator Research,https://navigatorresearch.org/views-on-republican-tax-policies/,2026-04-06,healthcare,,tested_message,"Those who say there is way too much waste, fraud, and abuse in government spending, and we need to cut back to reduce fraud and prevent out of control spending",35.0,,,,,1000,online_panel,registered_voters,3.1,navigator;healthcare,"From Navigator topline Navigator-April-1-Topline-F04.06.26_cleaned.txt, question Q48A. - side 2. Field: 2026-04-06."
NAV_20260406_059,Navigator Research,https://navigatorresearch.org/views-on-republican-tax-policies/,2026-04-06,healthcare,,tested_message,"Those who say Medicaid, SNAP, and the Affordable Care Act help millions of people afford the basics. We should not be cutting these programs at a time when so many people are struggling with high costs",66.0,,,,,1000,online_panel,registered_voters,3.1,navigator;healthcare,"From Navigator topline Navigator-April-1-Topline-F04.06.26_cleaned.txt, question Q48B. - side 1. Field: 2026-04-06."
NAV_20260406_060,Navigator Research,https://navigatorresearch.org/views-on-republican-tax-policies/,2026-04-06,healthcare,,tested_message,"Those who say there is way too much waste, fraud, and abuse in government spending, and we need to cut back to reduce fraud and prevent out of control spending",34.0,,,,,1000,online_panel,registered_voters,3.1,navigator;healthcare,"From Navigator topline Navigator-April-1-Topline-F04.06.26_cleaned.txt, question Q48B. - side 2. Field: 2026-04-06."
NAV_20260406_061,Navigator Research,https://navigatorresearch.org/,2026-04-06,government,,tested_message,"Those who say there is way too much waste, fraud, and abuse in government spending, but so much of that comes from private companies hired by the federal government and people who cheat on their taxes, not the government itself",41.0,,,,,1000,online_panel,registered_voters,3.1,navigator;government,"From Navigator topline Navigator-April-1-Topline-F04.06.26_cleaned.txt, question Q49A. - side 1. Field: 2026-04-06."
NAV_20260406_062,Navigator Research,https://navigatorresearch.org/,2026-04-06,government,,tested_message,"Those who say there is way too much waste, fraud, and abuse in government spending, and we need to cut back to reduce fraud and prevent out of control spending",59.0,,,,,1000,online_panel,registered_voters,3.1,navigator;government,"From Navigator topline Navigator-April-1-Topline-F04.06.26_cleaned.txt, question Q49A. - side 2. Field: 2026-04-06."
NAV_20260406_063,Navigator Research,https://navigatorresearch.org/,2026-04-06,government,,tested_message,"Those who say criticisms of waste, fraud, and abuse are a distraction Americans",42.0,,,,,1000,online_panel,registered_voters,3.1,navigator;government,"From Navigator topline Navigator-April-1-Topline-F04.06.26_cleaned.txt, question Q49B. - side 1. Field: 2026-04-06."
NAV_20260406_064,Navigator Research,https://navigatorresearch.org/,2026-04-06,government,,tested_message,"Those who say there is way too much waste, fraud, and abuse in government spending, and we need to cut back to reduce fraud and prevent out of control spending",58.0,,,,,1000,online_panel,registered_voters,3.1,navigator;government,"From Navigator topline Navigator-April-1-Topline-F04.06.26_cleaned.txt, question Q49B. - side 2. Field: 2026-04-06."
NAV_20260406_065,Navigator Research,https://navigatorresearch.org/views-on-republican-tax-policies/,2026-04-06,economy,,contrast,"Democrats who say because of Trump and Republicans, the average American could pay thousands more this year in costs because of tariffs and increased gas prices, which would wipe out any possible savings from the One Big Beautiful Bill",47.0,,,,,1000,online_panel,registered_voters,3.1,navigator;economy,"From Navigator topline Navigator-April-1-Topline-F04.06.26_cleaned.txt, question Q51C. - side 1. Field: 2026-04-06."
NAV_20260406_066,Navigator Research,https://navigatorresearch.org/views-on-republican-tax-policies/,2026-04-06,economy,,contrast,"Trump and Republicans who say the tax cuts in the One Big Beautiful Bill mean hardworking Americans will see bigger tax refunds this year, thanks to policies like no taxes on tips or overtime pay, and a $6,000 benefit for seniors on Social Security. These bigger refunds will make a real difference for families working hard to get by",40.0,,,,,1000,online_panel,registered_voters,3.1,navigator;economy,"From Navigator topline Navigator-April-1-Topline-F04.06.26_cleaned.txt, question Q51C. - side 2. Field: 2026-04-06."
NAV_20260406_067,Navigator Research,https://navigatorresearch.org/views-on-republican-tax-policies/,2026-04-06,healthcare,,contrast,"Democrats who say the One Big Beautiful Bill raises costs on middle class families instead of helping them. It cut programs people depend on, like Medicaid and SNAP, to pay for tax cuts for billionaires and big corporations, leaving millions unable to put food on the table or afford health care",50.0,,,,,1000,online_panel,registered_voters,3.1,navigator;healthcare,"From Navigator topline Navigator-April-1-Topline-F04.06.26_cleaned.txt, question Q51D. - side 1. Field: 2026-04-06."
NAV_20260406_068,Navigator Research,https://navigatorresearch.org/views-on-republican-tax-policies/,2026-04-06,healthcare,,contrast,"Trump and Republicans who say the tax cuts in the One Big Beautiful Bill mean hardworking Americans will see bigger tax refunds this year, thanks to policies like no taxes on tips or overtime pay, and a $6,000 benefit for seniors on Social Security. These bigger refunds will make a real difference for families working hard to get by",39.0,,,,,1000,online_panel,registered_voters,3.1,navigator;healthcare,"From Navigator topline Navigator-April-1-Topline-F04.06.26_cleaned.txt, question Q51D. - side 2. Field: 2026-04-06."
NAV_20260406_069,Navigator Research,https://navigatorresearch.org/views-on-republican-tax-policies/,2026-04-06,economy,,contrast,"Democrats who say that this year, Republicans raised taxes on everyone except the ultra wealthy and enacted the highest tax increase on working Americans since 1982. Now, middle class families are paying up to $1,000 more in taxes this year, while the richest 1% are receiving nearly $9,000 in tax breaks",43.0,,,,,1000,online_panel,registered_voters,3.1,navigator;economy,"From Navigator topline Navigator-April-1-Topline-F04.06.26_cleaned.txt, question Q52C. - side 1. Field: 2026-04-06."
NAV_20260406_070,Navigator Research,https://navigatorresearch.org/views-on-republican-tax-policies/,2026-04-06,economy,,contrast,"Trump and Republicans who say the tax cuts in the One Big Beautiful Bill mean hardworking Americans will see bigger tax refunds this year, thanks to policies like no taxes on tips or overtime pay, and a $6,000 benefit for seniors on Social Security. These bigger refunds will make a real difference for families working hard to get by",45.0,,,,,1000,online_panel,registered_voters,3.1,navigator;economy,"From Navigator topline Navigator-April-1-Topline-F04.06.26_cleaned.txt, question Q52C. - side 2. Field: 2026-04-06."
NAV_20260406_071,Navigator Research,https://navigatorresearch.org/views-on-republican-tax-policies/,2026-04-06,economy,,contrast,"Democrats who say nearly 90% of workers do not benefit from the One Big Beautiful Bill's new tax policies on overtime and tips. Many middle class people will still have to pay taxes on tips, overtime, and Social Security, but billionaires and big corporations are really getting a trillion dollars in new tax breaks",48.0,,,,,1000,online_panel,registered_voters,3.1,navigator;economy,"From Navigator topline Navigator-April-1-Topline-F04.06.26_cleaned.txt, question Q52D. - side 1. Field: 2026-04-06."
NAV_20260406_072,Navigator Research,https://navigatorresearch.org/views-on-republican-tax-policies/,2026-04-06,economy,,contrast,"Trump and Republicans who say the tax cuts in the One Big Beautiful Bill mean hardworking Americans will see bigger tax refunds this year, thanks to policies like no taxes on tips or overtime pay, and a $6,000 benefit for seniors on Social Security. These bigger refunds will make a real difference for families working hard to get by",41.0,,,,,1000,online_panel,registered_voters,3.1,navigator;economy,"From Navigator topline Navigator-April-1-Topline-F04.06.26_cleaned.txt, question Q52D. - side 2. Field: 2026-04-06."
NAV_20260319_001,Navigator Research,https://navigatorresearch.org/the-more-americans-learn-about-the-save-act-the-less-they-like-it/,2026-03-19,voting_rights,voter_id,rebuttal,The SAVE Act would require a passport or birth certificate to register to vote...,52,,,,,1500,online_panel,likely_voters,2.5,save_act;voter_suppression,52% convincing. Flipped support from +11 to -2 net.
NAV_20260318_001,Navigator Research,https://navigatorresearch.org/perceptions-and-concerns-about-trumps-war-against-iran/,2026-03-18,foreign_policy,iran_war,tracking_poll,Support vs. oppose US military operation against Iran,40,49,-9,,support_oppose,1000,online_panel,registered_voters,3.1,navigator;iran;war;opposition,"Opposition leads by 9 pts. Field: Mar 12-16, 2026. 74% of Dems oppose, 52% of Inds oppose."
NAV_20260318_002,Navigator Research,https://navigatorresearch.org/perceptions-and-concerns-about-trumps-war-against-iran/,2026-03-18,foreign_policy,iran_war,tracking_poll,Trump does not have clear timeline or goals for Iran operation,53,,,,agreement,1000,online_panel,registered_voters,3.1,navigator;iran;trump;timeline,53% believe Trump has no clear timeline or goals.
NAV_20260318_003,Navigator Research,https://navigatorresearch.org/perceptions-and-concerns-about-trumps-war-against-iran/,2026-03-18,foreign_policy,iran_war,tracking_poll,Concerned the US will get bogged down in prolonged conflict with Iran,67,,,,concern,1000,online_panel,registered_voters,3.1,navigator;iran;prolonged_conflict;concern,67% concerned about prolonged conflict.
NAV_20260318_004,Navigator Research,https://navigatorresearch.org/perceptions-and-concerns-about-trumps-war-against-iran/,2026-03-18,foreign_policy,iran_war,tracking_poll,Think Iran conflict will last months or longer,53,,,,expectation,1000,online_panel,registered_voters,3.1,navigator;iran;duration;expectation,53% think months or longer. 30% say a year or longer.
NAV_20260318_005,Navigator Research,https://navigatorresearch.org/perceptions-and-concerns-about-trumps-war-against-iran/,2026-03-18,foreign_policy,iran_war,tracking_poll,Say Iran operation has made the world less safe,46,28,,,perception,1000,online_panel,registered_voters,3.1,navigator;iran;safety,46% say world is less safe. 28% say safer.
NAV_20260318_006,Navigator Research,https://navigatorresearch.org/perceptions-and-concerns-about-trumps-war-against-iran/,2026-03-18,foreign_policy,iran_funding,tracking_poll,Oppose providing additional $50 billion in Iran war funding,34,54,-20,,opposition,1000,online_panel,registered_voters,3.1,navigator;iran;funding;opposition,54% oppose additional $50 billion in funding.
NAV_20260318_007,Navigator Research,https://navigatorresearch.org/perceptions-and-concerns-about-trumps-war-against-iran/,2026-03-18,foreign_policy,iran_war,tracking_poll,Want Trump and Congress to prioritize inflation and cost of living over foreign conflicts,58,,,,priority,1000,online_panel,registered_voters,3.1,navigator;inflation;priorities;iran,58% want inflation/cost of living prioritized. Perceive Trump focused on immigration (64%) and foreign conflicts (54%).
NAV_20260316_053,Navigator Research,https://navigatorresearch.org/,2026-03-16,economy,,tested_message,The Supreme Court ruled recent tariffs illegal and therefore Americans should get a rebate from the money that was stolen from them,57.0,,,,,1000,online_panel,registered_voters,3.1,navigator;economy,"From Navigator topline Navigator-Toplines-03.16.2026_extracted.txt, question Q33C. - side 1. Field: 2026-03-16."
NAV_20260316_054,Navigator Research,https://navigatorresearch.org/,2026-03-16,economy,,tested_message,The tariffs worked to bring in billions of dollars to the United States and now Americans should share in the success of this policy,43.0,,,,,1000,online_panel,registered_voters,3.1,navigator;economy,"From Navigator topline Navigator-Toplines-03.16.2026_extracted.txt, question Q33C. - side 2. Field: 2026-03-16."
NAV_20260316_055,Navigator Research,https://navigatorresearch.org/,2026-03-16,economy,,tested_message,"The tariffs raised costs for Americans by thousands of dollars a year, and therefore Americans should get a rebate from the money that was collected",65.0,,,,,1000,online_panel,registered_voters,3.1,navigator;economy,"From Navigator topline Navigator-Toplines-03.16.2026_extracted.txt, question Q33D. - side 1. Field: 2026-03-16."
NAV_20260316_056,Navigator Research,https://navigatorresearch.org/,2026-03-16,economy,,tested_message,The tariffs worked to bring in billions of dollars to the United States and now Americans should share in the success of this policy,35.0,,,,,1000,online_panel,registered_voters,3.1,navigator;economy,"From Navigator topline Navigator-Toplines-03.16.2026_extracted.txt, question Q33D. - side 2. Field: 2026-03-16."
NAV_20260220_001,Navigator Research,https://navigatorresearch.org/message-guidance-on-tariff-scotus-ruling/,2026-02-20,economy,tariffs,tracking_poll,Tariff favorability — unfavorable,30,60,-30,,net_favorability,1000,online_panel,registered_voters,3.1,navigator;tariffs;favorability,"Tariffs 30 points underwater. Field: Jan 8-12, 2026."
NAV_20260220_002,Navigator Research,https://navigatorresearch.org/message-guidance-on-tariff-scotus-ruling/,2026-02-20,economy,tariffs,tracking_poll,Oppose Trump tariff plan — tested opposition to Trump's tariff proposals,,55,,,opposition,1000,online_panel,registered_voters,3.1,navigator;tariffs;trump_plan,"55% oppose Trump tariff plan. 38% support. 88% of Dems, 55% of Inds oppose. | Expanded from summary label"
NAV_20260220_003,Navigator Research,https://navigatorresearch.org/message-guidance-on-tariff-scotus-ruling/,2026-02-20,economy,tariffs,tracking_poll,Say tariffs increased their costs,69,10,,,perception,1000,online_panel,registered_voters,3.1,navigator;tariffs;cost_impact,69% say tariffs increased costs. Only 10% say costs went down. 52% of Republicans agree costs increased.
NAV_20260220_004,Navigator Research,https://navigatorresearch.org/message-guidance-on-tariff-scotus-ruling/,2026-02-20,economy,inflation,tracking_poll,Disapprove of Trump handling of inflation and cost of living,37,58,-21,,approval,1000,online_panel,registered_voters,3.1,navigator;economy;inflation;trump_approval,"58% disapprove, 37% approve of Trump handling of inflation/cost of living."
NAV_20260216_001,Navigator Research,https://navigatorresearch.org/special-battleground-report-on-food-and-health-part-ii-messages/,2026-02-16,healthcare,food_safety,negative,Trump and Republicans are hurting American children...,64,,,,,1500,online_panel,likely_voters,2.5,food_safety;children;snap,64% concerned.
NAV_20260216_002,Navigator Research,https://navigatorresearch.org/special-battleground-report-on-food-and-health-part-ii-messages/,2026-02-16,economy,food_prices,negative,Trump and Republicans allowed food companies to take advantage of inflation to raise prices.,68,,,,,1500,online_panel,likely_voters,2.5,price_gouging;food_prices,68% concerned.
NAV_20260205_001,Navigator Research,https://navigatorresearch.org/all-eyes-are-on-ice/,2026-02-05,immigration,ice_deployment,tracking_poll,Oppose the way Trump has deployed ICE,,59,,,opposition,1000,online_panel,registered_voters,3.1,navigator;immigration;ice;deployment,"All Eyes Are On ICE. Field: Jan 29 - Feb 1, 2026. 59% oppose ICE deployment."
NAV_20260205_002,Navigator Research,https://navigatorresearch.org/all-eyes-are-on-ice/,2026-02-05,immigration,mass_deportation,tracking_poll,Disapprove of Trump mass deportation plan,,52,,,disapproval,1000,online_panel,registered_voters,3.1,navigator;immigration;mass_deportation;trump,"52% disapprove. In Jan 2025, 51% approved of the plan."
NAV_20260205_003,Navigator Research,https://navigatorresearch.org/all-eyes-are-on-ice/,2026-02-05,immigration,balanced_approach,tested_message,Support balanced approach on immigration: focus on fixing broken system rather than mass deportations,66,25,+41,,,1000,online_panel,registered_voters,3.1,navigator;immigration;balanced_approach,66% support balanced approach. 25% support strict enforcement/mass deportations. Includes 48% of 2024 Trump voters.
NAV_20260205_004,Navigator Research,https://navigatorresearch.org/all-eyes-are-on-ice/,2026-02-05,immigration,ice_violence,tested_message,Worried that ICE agents will act violently due to lack of training,65,,,,concern,1000,online_panel,registered_voters,3.1,navigator;immigration;ice_violence;concern,"65% worried (50% extremely worried). Inds 71%, Black 85%."
NAV_20260205_005,Navigator Research,https://navigatorresearch.org/all-eyes-are-on-ice/,2026-02-05,immigration,ice_targeting,tested_message,Worried ICE is targeting people based on appearance,62,,,,concern,1000,online_panel,registered_voters,3.1,navigator;immigration;ice_targeting;concern,62% worried (48% extremely).
NAV_20260205_006,Navigator Research,https://navigatorresearch.org/all-eyes-are-on-ice/,2026-02-05,immigration,ice_family_separation,tested_message,Worried ICE is detaining children and separating families,63,,,,concern,1000,online_panel,registered_voters,3.1,navigator;immigration;family_separation;concern,63% worried (47% extremely).
NAV_20260205_007,Navigator Research,https://navigatorresearch.org/all-eyes-are-on-ice/,2026-02-05,immigration,ice_targeting_citizens,tested_message,Worried ICE is targeting citizens and lawful residents,60,,,,concern,1000,online_panel,registered_voters,3.1,navigator;immigration;ice_citizens;concern,60% worried (46% extremely).
NAV_20260205_008,Navigator Research,https://navigatorresearch.org/all-eyes-are-on-ice/,2026-02-05,immigration,ice_targeting_community,tested_message,Worried ICE is targeting residents in your community,58,,,,concern,1000,online_panel,registered_voters,3.1,navigator;immigration;ice_community;concern,58% worried (44% extremely).
NAV_20260205_009,Navigator Research,https://navigatorresearch.org/all-eyes-are-on-ice/,2026-02-05,immigration,ice_messaging,tested_message,"ICE should be going after violent criminals, but instead is being far too aggressive and broad in its approach.",,,,,,1000,online_panel,registered_voters,3.1,navigator;immigration;ice;message_frame,"Top-testing message frame: Too aggressive and broad frame. Field: Jan 29 - Feb 1, 2026."
NAV_20260205_010,Navigator Research,https://navigatorresearch.org/all-eyes-are-on-ice/,2026-02-05,immigration,ice_messaging,tested_message,"We are spending billions of dollars on ICE to terrorize our communities while cutting billions from things that help Americans get by, like health care and food assistance in Medicaid and SNAP.",,,,,,1000,online_panel,registered_voters,3.1,navigator;immigration;ice;message_frame,"Top-testing message frame: Waste of money frame. Field: Jan 29 - Feb 1, 2026."
NAV_20260205_011,Navigator Research,https://navigatorresearch.org/all-eyes-are-on-ice/,2026-02-05,immigration,ice_messaging,tested_message,ICE is acting like a secret police force in a dictatorship that is completely loyal to Trump: masked agents are terrorizing communities and killing citizens.,,,,,,1000,online_panel,registered_voters,3.1,navigator;immigration;ice;message_frame,"Top-testing message frame: Secret police force frame. Field: Jan 29 - Feb 1, 2026."
NAV_20260205_012,Navigator Research,https://navigatorresearch.org/all-eyes-are-on-ice/,2026-02-05,immigration,ice_messaging,tested_message,"ICE is tearing families apart, detaining and zip-tying children and separating U.S. citizen children from their families.",,,,,,1000,online_panel,registered_voters,3.1,navigator;immigration;ice;message_frame,"Top-testing message frame: Tearing families apart frame. Field: Jan 29 - Feb 1, 2026."
NAV_20260205_013,Navigator Research,https://navigatorresearch.org/all-eyes-are-on-ice/,2026-02-05,immigration,ice_messaging,tested_message,"ICE is supposed to be making our communities safer, but they are making us less safe.",,,,,,1000,online_panel,registered_voters,3.1,navigator;immigration;ice;message_frame,"Top-testing message frame: Makes communities less safe frame. Field: Jan 29 - Feb 1, 2026."
NAV_20260202_047,Navigator Research,https://navigatorresearch.org/all-eyes-are-on-ice/,2026-02-01,immigration,,tested_message,Those who say we need to allow ICE to do its job cracking down on illegal immigration,50.0,,,,,1000,online_panel,registered_voters,3.1,navigator;immigration,"From Navigator topline Navigator-Topline-F02.02.26_extracted.txt, question Q53XC. - side 1. Field: 2026-02-01."
NAV_20260202_048,Navigator Research,https://navigatorresearch.org/all-eyes-are-on-ice/,2026-02-01,immigration,,tested_message,"Those who say ICE is out of control, cannot be fixed, and needs to be abolished",50.0,,,,,1000,online_panel,registered_voters,3.1,navigator;immigration,"From Navigator topline Navigator-Topline-F02.02.26_extracted.txt, question Q53XC. - side 2. Field: 2026-02-01."
NAV_20260202_049,Navigator Research,https://navigatorresearch.org/all-eyes-are-on-ice/,2026-02-01,immigration,,tested_message,Those who say we need to allow ICE to do its job cracking down on illegal immigration,45.0,,,,,1000,online_panel,registered_voters,3.1,navigator;immigration,"From Navigator topline Navigator-Topline-F02.02.26_extracted.txt, question Q53XD. - side 1. Field: 2026-02-01."
NAV_20260202_050,Navigator Research,https://navigatorresearch.org/all-eyes-are-on-ice/,2026-02-01,immigration,,tested_message,Those who say ICE is out of control and needs to be abolished and replaced with something else,55.0,,,,,1000,online_panel,registered_voters,3.1,navigator;immigration,"From Navigator topline Navigator-Topline-F02.02.26_extracted.txt, question Q53XD. - side 2. Field: 2026-02-01."
NAV_20260202_051,Navigator Research,https://navigatorresearch.org/all-eyes-are-on-ice/,2026-02-01,immigration,,tested_message,Those who say we need to allow ICE to do its job cracking down on illegal immigration,40.0,,,,,1000,online_panel,registered_voters,3.1,navigator;immigration,"From Navigator topline Navigator-Topline-F02.02.26_extracted.txt, question Q53Y. - side 1. Field: 2026-02-01."
NAV_20260202_052,Navigator Research,https://navigatorresearch.org/all-eyes-are-on-ice/,2026-02-01,immigration,,tested_message,"Those who say ICE is out of control and needs to be fixed, not abolished",60.0,,,,,1000,online_panel,registered_voters,3.1,navigator;immigration,"From Navigator topline Navigator-Topline-F02.02.26_extracted.txt, question Q53Y. - side 2. Field: 2026-02-01."
NAV_20260112_035,Navigator Research,https://navigatorresearch.org/,2026-01-12,economy,,tested_message,"Trump and Republicans who say tariffs have brought in hundreds of billions of dollars in revenue, so they can issue these rebate checks to low and middle income Americans so that everyone benefits",50.0,,,,,1000,online_panel,registered_voters,3.1,navigator;economy,"From Navigator topline Navigator-January-1-Topline-F01.12.26_extracted.txt, question Q48C. - side 1. Field: 2026-01-12."
NAV_20260112_036,Navigator Research,https://navigatorresearch.org/,2026-01-12,economy,,tested_message,"$1,000 per household. These rebates are just an effort to cover up how tariffs have raised costs on many things we buy. We should repeal the tariffs and lower costs not send a rebate check to cover them up",50.0,,,,,1000,online_panel,registered_voters,3.1,navigator;economy,"From Navigator topline Navigator-January-1-Topline-F01.12.26_extracted.txt, question Q48C. - side 2. Field: 2026-01-12."
NAV_20260112_037,Navigator Research,https://navigatorresearch.org/,2026-01-12,economy,,tested_message,"Trump and Republicans who say tariffs have brought in hundreds of billions of dollars in revenue, so they can issue rebate checks to low and middle income Americans so that everyone benefits",56.0,,,,,1000,online_panel,registered_voters,3.1,navigator;economy,"From Navigator topline Navigator-January-1-Topline-F01.12.26_extracted.txt, question Q48D. - side 1. Field: 2026-01-12."
NAV_20260112_038,Navigator Research,https://navigatorresearch.org/,2026-01-12,economy,,tested_message,Democrats who say these rebate checks would cost hundreds of billions of dollars and make inflation even worse at a time when prices are already too high. We should repeal the tariffs and bring inflation back in check not send a rebate check to cover them up,44.0,,,,,1000,online_panel,registered_voters,3.1,navigator;economy,"From Navigator topline Navigator-January-1-Topline-F01.12.26_extracted.txt, question Q48D. - side 2. Field: 2026-01-12."
NAV_20260112_039,Navigator Research,https://navigatorresearch.org/,2026-01-12,foreign_policy,,tested_message,"Trump and Republicans who say Maduro was a brutal dictator and narco terrorist who stole U.S. oil and assets, and that President Trump was right to use U.S. military force to capture him, remove him from power, and hold him accountable",48.0,,,,,1000,online_panel,registered_voters,3.1,navigator;foreign_policy,"From Navigator topline Navigator-January-1-Topline-F01.12.26_extracted.txt, question Q54C. - side 1. Field: 2026-01-12."
NAV_20260112_040,Navigator Research,https://navigatorresearch.org/,2026-01-12,foreign_policy,,tested_message,"Democrats who say Maduro was a brutal dictator, but what Trump did is illegal: the President does not have the authority to use U.S. military force without approval from Congress, and this action violates both U.S. and international law",52.0,,,,,1000,online_panel,registered_voters,3.1,navigator;foreign_policy,"From Navigator topline Navigator-January-1-Topline-F01.12.26_extracted.txt, question Q54C. - side 2. Field: 2026-01-12."
NAV_20260112_041,Navigator Research,https://navigatorresearch.org/,2026-01-12,foreign_policy,,tested_message,"Trump and Republicans who say Maduro was a brutal dictator and narco terrorist who stole U.S. oil and assets, and that President Trump was right to use U.S. military force to capture him, remove him from power, and hold him accountable",47.0,,,,,1000,online_panel,registered_voters,3.1,navigator;foreign_policy,"From Navigator topline Navigator-January-1-Topline-F01.12.26_extracted.txt, question Q54D. - side 1. Field: 2026-01-12."
NAV_20260112_042,Navigator Research,https://navigatorresearch.org/,2026-01-12,foreign_policy,,tested_message,"Democrats who say Maduro was a brutal dictator, but this is really about oil and enriching big corporations and billionaires: Trump wants",53.0,,,,,1000,online_panel,registered_voters,3.1,navigator;foreign_policy,"[Wording reconstructed from PDF topline context - was truncated in extraction] From Navigator topline Navigator-January-1-Topline-F01.12.26_extracted.txt, question Q54D. - side 2. Field: 2026-01-12."
NAV_20260112_043,Navigator Research,https://navigatorresearch.org/,2026-01-12,foreign_policy,,tested_message,"Trump and Republicans who say Maduro was a brutal dictator and narco terrorist who stole U.S. oil and assets, and that President Trump was right to use U.S. military force to capture him, remove him from power, and hold him accountable",48.0,,,,,1000,online_panel,registered_voters,3.1,navigator;foreign_policy,"From Navigator topline Navigator-January-1-Topline-F01.12.26_extracted.txt, question Q55C. - side 1. Field: 2026-01-12."
NAV_20260112_044,Navigator Research,https://navigatorresearch.org/,2026-01-12,foreign_policy,,tested_message,Democrats who say Trump's unilateral decision making makes the U.S. less safe. This attack puts U.S. troops at risk and risks dragging our country into another regime change war that will create more enemies,52.0,,,,,1000,online_panel,registered_voters,3.1,navigator;foreign_policy,"[Wording reconstructed from PDF topline context - was truncated in extraction] From Navigator topline Navigator-January-1-Topline-F01.12.26_extracted.txt, question Q55C. - side 2. Field: 2026-01-12."
NAV_20260112_045,Navigator Research,https://navigatorresearch.org/,2026-01-12,foreign_policy,,tested_message,"Trump and Republicans who say Maduro was a brutal dictator and narco terrorist who stole U.S. oil and assets, and that President Trump was right to use U.S. military force to capture him, remove him from power, and hold him accountable",48.0,,,,,1000,online_panel,registered_voters,3.1,navigator;foreign_policy,"From Navigator topline Navigator-January-1-Topline-F01.12.26_extracted.txt, question Q55D. - side 1. Field: 2026-01-12."
NAV_20260112_046,Navigator Research,https://navigatorresearch.org/,2026-01-12,foreign_policy,,tested_message,"Democrats who say this makes the U.S. look like just another country full of every evil leader in the world. Instead of wasting billions on multiple foreign conflicts across the globe, we should be focusing our time and money on helping Americans here at home",52.0,,,,,1000,online_panel,registered_voters,3.1,navigator;foreign_policy,"[Wording reconstructed from PDF topline context - was truncated in extraction] From Navigator topline Navigator-January-1-Topline-F01.12.26_extracted.txt, question Q55D. - side 2. Field: 2026-01-12."
NAV_20251030_001,Navigator Research,https://navigatorresearch.org/government-shutdown-week-4-message-guidance/,2025-10-30,economy,wasteful_spending,tracking_poll,Oppose $170 million on private jets for Secretary Kristi Noem,,76,,,opposition,1000,online_panel,registered_voters,3.1,navigator;wasteful_spending;noem;jets,"76% oppose (62% strongly). Field: Oct 23-27, 2025."
NAV_20251030_002,Navigator Research,https://navigatorresearch.org/government-shutdown-week-4-message-guidance/,2025-10-30,economy,wasteful_spending,tracking_poll,Oppose White House ballroom project,,70,,,opposition,1000,online_panel,registered_voters,3.1,navigator;wasteful_spending;ballroom,70% oppose (59% strongly).
NAV_20251030_003,Navigator Research,https://navigatorresearch.org/government-shutdown-week-4-message-guidance/,2025-10-30,economy,tax_cuts,tracking_poll,Oppose new tax cuts for billionaires,,72,,,opposition,1000,online_panel,registered_voters,3.1,navigator;tax_cuts;billionaires,72% oppose (59% strongly).
NAV_20251030_004,Navigator Research,https://navigatorresearch.org/government-shutdown-week-4-message-guidance/,2025-10-30,foreign_policy,argentina_bailout,tracking_poll,Oppose bailing out Argentina economy,,76,,,opposition,1000,online_panel,registered_voters,3.1,navigator;argentina;bailout;wasteful_spending,76% oppose (57% strongly). Wedge issue within GOP (66% of Republicans oppose). 38% of independents most concerned.
NAV_20251030_005,Navigator Research,https://navigatorresearch.org/government-shutdown-week-4-message-guidance/,2025-10-30,government,shutdown_frame,tested_message,"We're spending money on those items, while millions of Americans do not receive their paychecks and some will not receive back pay, and thousands will lose their jobs permanently",,,,35,frame_agreement,1000,online_panel,registered_voters,3.1,navigator;shutdown;frame;paychecks,Frame A. 35% agree. Ties wasteful spending to lost paychecks and jobs.
NAV_20251030_006,Navigator Research,https://navigatorresearch.org/government-shutdown-week-4-message-guidance/,2025-10-30,healthcare,shutdown_healthcare,tested_message,"We're spending money on those items, while millions of Americans will lose their health care completely and millions more will see their health care costs double",,,,33,frame_agreement,1000,online_panel,registered_voters,3.1,navigator;shutdown;frame;healthcare,Frame B. 33% agree. Ties wasteful spending to healthcare loss.
NAV_20251030_007,Navigator Research,https://navigatorresearch.org/government-shutdown-week-4-message-guidance/,2025-10-30,government,shutdown_combined,tested_message,"Trump and Republicans are spending money on everything except what benefits American families. In the last few weeks, they have announced the spending of $40 billion on a bailout of Argentina, $170 million on two private jets for Secretary of Homeland Security Kristi Noem, and $300 million to build a White House ballroom. At the same time, they are keeping the government shut down because they refuse to help Americans with rising health care costs, and instead could strip nearly 5 million of their health insurance and double the cost of health insurance for millions more.",,,,,most_effective,1000,online_panel,registered_voters,3.1,navigator;shutdown;combined_message,Most effective combined message tying wasteful spending to shutdown consequences.
NAV_20251030_008,Navigator Research,https://navigatorresearch.org/government-shutdown-week-4-message-guidance/,2025-10-30,government,progressive_message,tested_message,"Trump and Republicans are spending billions on foreign aid and conflicts, including a $40 billion bailout of Argentina... Meanwhile, Trump and Republicans are doing nothing for us at home - keeping the government shut down and pushing to strip health care from millions of Americans...",,,+14,14,net_vs_conservative,1000,online_panel,registered_voters,3.1,navigator;shutdown;progressive;message_test,Progressive message 1. Won net +14 against conservative argument.
NAV_20251030_009,Navigator Research,https://navigatorresearch.org/government-shutdown-week-4-message-guidance/,2025-10-30,healthcare,shutdown_healthcare_costs,tested_message,"Trump and Republicans' budget would more than double health care costs for 22 million Americans. Democrats say health care costs have already been skyrocketing, and so they are doing everything they can to stop health care costs from rising even more...",,,+14,14,net_vs_conservative,1000,online_panel,registered_voters,3.1,navigator;shutdown;healthcare_costs;progressive,Progressive message 2. Won net +14 against conservative argument.
NAV_20251023_001,Navigator Research,https://navigatorresearch.org/government-shutdown-week-3-message-guidance/,2025-10-23,government,shutdown_process,tested_message,"Trump and Republicans in Congress have the power to end the shutdown. Trump and Republicans are in full control of the federal government, including the White House and Congress, and are responsible for getting the government back up and running.",,,+16,16,agreement_margin,1000,online_panel,registered_voters,3.1,navigator;shutdown;process_message,Process message about government control. Net +16 agreement margin.
NAV_20251023_002,Navigator Research,https://navigatorresearch.org/government-shutdown-week-3-message-guidance/,2025-10-23,healthcare,shutdown_impact,tested_message,Trump and Republicans in Congress have the power to end the shutdown. The shutdown would end today if Republicans would agree to a compromise that would prevent health insurance costs from going up for millions of Americans.,,,+26,26,agreement_margin,1000,online_panel,registered_voters,3.1,navigator;shutdown;healthcare;impact_message,Impact message about health care. Net +26 agreement margin (+48 among soft partisans). Recommended message.
NAV_20251023_003,Navigator Research,https://navigatorresearch.org/government-shutdown-week-3-message-guidance/,2025-10-23,healthcare,health_subsidies,tracking_poll,Support extending health care subsidies,73,16,+57,,,1000,online_panel,registered_voters,3.1,navigator;healthcare;subsidies,73% support extending health care subsidies. Broad bipartisan support.
NAV_20250925_001,Navigator Research,https://navigatorresearch.org/maha-message-guidance/,2025-09-25,healthcare,maha,tested_message,"Our health care system is broken, but the answer is not to cut medical research, take away healthy school meal options from kids, or limit vaccines. Instead we should be cracking down on special interest influence in our government and putting science and facts ahead of politics.",,,,,,1000,online_panel,registered_voters,3.1,navigator;healthcare;maha;message_framework,"Recommended message framework targeting MAHA movement. Persuasive across Dems, Inds, non-MAGA Reps, MAHA-curious. Field: Sep 4-8, 2025."
NAV_20250908_015,Navigator Research,https://navigatorresearch.org/,2025-09-08,democracy,,tested_message,"Those who say our system is broken: the process of drawing Congressional maps has gotten way too political and needs to be independent in order to put voters first. In the short term, Democrats have to level the playing field against Republican manipulation in Texas. In the long term, we need to ban gerrymandering, or the rigging of Congressional district lines to benefit one political party or another",59.0,,,,,1000,online_panel,registered_voters,3.1,navigator;democracy,"From Navigator topline Navigator-Topline-F09.08.25_extracted.txt, question Q3C. - side 1. Field: 2025-09-08."
NAV_20250908_016,Navigator Research,https://navigatorresearch.org/,2025-09-08,democracy,,tested_message,Republicans who support Texas lawmakers redrawing their Congressional map to benefit Republicans in Congress,20.0,,,,,1000,online_panel,registered_voters,3.1,navigator;democracy,"From Navigator topline Navigator-Topline-F09.08.25_extracted.txt, question Q3C. - side 2. Field: 2025-09-08."
NAV_20250908_017,Navigator Research,https://navigatorresearch.org/,2025-09-08,democracy,,tested_message,Those who say Democrats need to fight back against the overreaches of Trump and the Republican Party. Democrats have to level the playing field against Republican manipulation in Texas. That means fighting fire with fire when it comes to redrawing Congressional maps,47.0,,,,,1000,online_panel,registered_voters,3.1,navigator;democracy,"From Navigator topline Navigator-Topline-F09.08.25_extracted.txt, question Q3D. - side 1. Field: 2025-09-08."
NAV_20250908_018,Navigator Research,https://navigatorresearch.org/,2025-09-08,democracy,,tested_message,Republicans who support Texas lawmakers redrawing their Congressional map to benefit Republicans in Congress,30.0,,,,,1000,online_panel,registered_voters,3.1,navigator;democracy,"From Navigator topline Navigator-Topline-F09.08.25_extracted.txt, question Q3D. - side 2. Field: 2025-09-08."
NAV_20250908_019,Navigator Research,https://navigatorresearch.org/maha-message-guidance/,2025-09-08,healthcare,,tested_message,"Those who say our health care system is broken, but the answer is not to cut medical research, take away healthy school meal options from kids, or limit vaccines. Instead we should be cracking down on special interest influence in our government and putting science and facts ahead of politics",59.0,,,,,1000,online_panel,registered_voters,3.1,navigator;healthcare,"From Navigator topline Navigator-Topline-F09.08.25_extracted.txt, question Q40A. - side 1. Field: 2025-09-08."
NAV_20250908_020,Navigator Research,https://navigatorresearch.org/maha-message-guidance/,2025-09-08,healthcare,,tested_message,"Republicans who say we need to get the government and corporate special interests out of the business of telling us what we should put in our bodies. Whether it's vaccines, food additives, or toxins in the ground, Americans are better off doing their own research rather than listening to the so called ""experts"" who put their own bottom line first",26.0,,,,,1000,online_panel,registered_voters,3.1,navigator;healthcare,"From Navigator topline Navigator-Topline-F09.08.25_extracted.txt, question Q40A. - side 2. Field: 2025-09-08."
NAV_20250908_021,Navigator Research,https://navigatorresearch.org/maha-message-guidance/,2025-09-08,healthcare,,tested_message,"Those who say our health care system is broken: for too long, corporations have had too much power over our food and health care. But the answer is not to cut medical research, take away healthy school meal options from kids, or limit vaccines. Instead we should be cracking down on special interest influence in our government and putting science and facts ahead of politics",61.0,,,,,1000,online_panel,registered_voters,3.1,navigator;healthcare,"From Navigator topline Navigator-Topline-F09.08.25_extracted.txt, question Q40B. - side 1. Field: 2025-09-08."
NAV_20250908_022,Navigator Research,https://navigatorresearch.org/maha-message-guidance/,2025-09-08,healthcare,,tested_message,"Republicans who say we need to get the government and corporate special interests out of the business of telling us what we should put in our bodies. Whether it's vaccines, food additives, or toxins in the ground, Americans are better off doing their own research rather than listening to the so called ""experts"" who put their own bottom line first",25.0,,,,,1000,online_panel,registered_voters,3.1,navigator;healthcare,"From Navigator topline Navigator-Topline-F09.08.25_extracted.txt, question Q40B. - side 2. Field: 2025-09-08."
NAV_20250908_023,Navigator Research,https://navigatorresearch.org/maha-message-guidance/,2025-09-08,healthcare,,tested_message,"Those who say Republicans are cutting crucial health and wellness programs. They've cut Medicaid, taken away free healthy school meal options from kids, and made massive cuts to lifesaving research into diseases like cancer and Alzheimer's. None of this makes America healthier",49.0,,,,,1000,online_panel,registered_voters,3.1,navigator;healthcare,"From Navigator topline Navigator-Topline-F09.08.25_extracted.txt, question Q41A. - side 1. Field: 2025-09-08."
NAV_20250908_024,Navigator Research,https://navigatorresearch.org/maha-message-guidance/,2025-09-08,healthcare,,tested_message,"Republicans who say we need to get the government and corporate special interests out of the business of telling us what we should put in our bodies. Whether it's vaccines, food additives, or toxins in the ground, Americans are better off doing their own research rather than listening to the so called ""experts"" who put their own bottom line first",34.0,,,,,1000,online_panel,registered_voters,3.1,navigator;healthcare,"From Navigator topline Navigator-Topline-F09.08.25_extracted.txt, question Q41A. - side 2. Field: 2025-09-08."
NAV_20250908_025,Navigator Research,https://navigatorresearch.org/maha-message-guidance/,2025-09-08,healthcare,,tested_message,"Those who say Republicans would let corporate polluters pour toxic chemicals into our water, including forever chemicals like PFAS, which are known to cause diseases like cancer and brain damage. This doesn't make America healthier",41.0,,,,,1000,online_panel,registered_voters,3.1,navigator;healthcare,"From Navigator topline Navigator-Topline-F09.08.25_extracted.txt, question Q41B. - side 1. Field: 2025-09-08."
NAV_20250908_026,Navigator Research,https://navigatorresearch.org/maha-message-guidance/,2025-09-08,healthcare,,tested_message,"Republicans who say we need to get the government and corporate special interests out of the business of telling us what we should put in our bodies. Whether it's vaccines, food additives, or toxins in the ground, Americans are better off doing their own research rather than listening to the so called ""experts"" who put their own bottom line first",38.0,,,,,1000,online_panel,registered_voters,3.1,navigator;healthcare,"From Navigator topline Navigator-Topline-F09.08.25_extracted.txt, question Q41B. - side 2. Field: 2025-09-08."
NAV_20250908_027,Navigator Research,https://navigatorresearch.org/maha-message-guidance/,2025-09-08,healthcare,,tested_message,Those who say Republicans are in the pocket of big corporations: they're taking money from the people who make Americans sick for a profit and doing their bidding by letting big drug companies charge whatever they want and repealing environmental protections,44.0,,,,,1000,online_panel,registered_voters,3.1,navigator;healthcare,"From Navigator topline Navigator-Topline-F09.08.25_extracted.txt, question Q42A. - side 1. Field: 2025-09-08."
NAV_20250908_028,Navigator Research,https://navigatorresearch.org/maha-message-guidance/,2025-09-08,healthcare,,tested_message,"Republicans who say we need to get the government and corporate special interests out of the business of telling us what we should put in our bodies. Whether it's vaccines, food additives, or toxins in the ground, Americans are better off doing their own research rather than listening to the so called ""experts"" who put their own bottom line first",33.0,,,,,1000,online_panel,registered_voters,3.1,navigator;healthcare,"From Navigator topline Navigator-Topline-F09.08.25_extracted.txt, question Q42A. - side 2. Field: 2025-09-08."
NAV_20250908_029,Navigator Research,https://navigatorresearch.org/maha-message-guidance/,2025-09-08,immigration,,tested_message,"Those who say Republicans are weakening trust in science and facts, and making major public health decisions based on advice from internet personalities instead of doctors and scientists. When they spread misinformation about things like measles or vaccines, we all end up less safe",46.0,,,,,1000,online_panel,registered_voters,3.1,navigator;immigration,"From Navigator topline Navigator-Topline-F09.08.25_extracted.txt, question Q42B. - side 1. Field: 2025-09-08."
NAV_20250908_030,Navigator Research,https://navigatorresearch.org/maha-message-guidance/,2025-09-08,immigration,,tested_message,"Republicans who say we need to get the government and corporate special interests out of the business of telling us what we should put in our bodies. Whether it's vaccines, food additives, or toxins in the ground, Americans are better off doing their own research rather than listening to the so called ""experts"" who put their own bottom line first",36.0,,,,,1000,online_panel,registered_voters,3.1,navigator;immigration,"From Navigator topline Navigator-Topline-F09.08.25_extracted.txt, question Q42B. - side 2. Field: 2025-09-08."
NAV_20250908_031,Navigator Research,https://navigatorresearch.org/,2025-09-08,crime,,tested_message,"Those who say Trump is breaking the law by deploying the National Guard, manufacturing fear and social media moments, hurting small businesses, and not making cities any safer",51.0,,,,,1000,online_panel,registered_voters,3.1,navigator;crime,"From Navigator topline Navigator-Topline-F09.08.25_extracted.txt, question Q45C. - side 1. Field: 2025-09-08."
NAV_20250908_032,Navigator Research,https://navigatorresearch.org/,2025-09-08,crime,,tested_message,"Trump and Republicans who say that people don't feel safe, and it's time we took action to change that. The National Guard is helping to restore safety and security to our nation's cities",49.0,,,,,1000,online_panel,registered_voters,3.1,navigator;crime,"From Navigator topline Navigator-Topline-F09.08.25_extracted.txt, question Q45C. - side 2. Field: 2025-09-08."
NAV_20250908_033,Navigator Research,https://navigatorresearch.org/,2025-09-08,foreign_policy,,tested_message,"Those who say our country has a serious problem with crime and safety, but deploying armed troops in our streets isn't the answer. We need to support local law enforcement, keep guns out of criminals' hands, and do more to address the root causes of crime like poverty, drug addiction, and mental illness",64.0,,,,,1000,online_panel,registered_voters,3.1,navigator;foreign_policy,"From Navigator topline Navigator-Topline-F09.08.25_extracted.txt, question Q45D. - side 1. Field: 2025-09-08."
NAV_20250908_034,Navigator Research,https://navigatorresearch.org/,2025-09-08,foreign_policy,,tested_message,"Trump and Republicans who say that people don't feel safe, and it's time we took action to change that. The National Guard is helping to restore safety and security to our nation's cities",36.0,,,,,1000,online_panel,registered_voters,3.1,navigator;foreign_policy,"From Navigator topline Navigator-Topline-F09.08.25_extracted.txt, question Q45D. - side 2. Field: 2025-09-08."
NAV_20250407_001,Navigator Research,https://navigatorresearch.org/,2025-04-07,economy,,tested_message,Congress should take back its power and control over how tariffs are used feel this way strongly,40.0,,,,,1000,online_panel,registered_voters,3.1,navigator;economy,"From Navigator topline Navigator-Topline-F04.07.25_extracted.txt, question TARIFFS3. - side 1. Field: 2025-04-07."
NAV_20250407_002,Navigator Research,https://navigatorresearch.org/,2025-04-07,economy,,tested_message,Congress should take back its power and control over how tariffs are used feel this way somewhat,15.0,,,,,1000,online_panel,registered_voters,3.1,navigator;economy,"From Navigator topline Navigator-Topline-F04.07.25_extracted.txt, question TARIFFS3. - side 2. Field: 2025-04-07."
NAV_20250407_003,Navigator Research,https://navigatorresearch.org/,2025-04-07,immigration,,tested_message,"Those who say we must secure the border, but also provide a pathway to citizenship for immigrants who have been here for many years and pass a background check.",54.0,,,,,1000,online_panel,registered_voters,3.1,navigator;immigration,"From Navigator topline Navigator-Topline-F04.07.25_extracted.txt, question Q32A. - side 1. Field: 2025-04-07."
NAV_20250407_004,Navigator Research,https://navigatorresearch.org/,2025-04-07,immigration,,tested_message,Those who say illegal immigration has been too high for too long and so we must secure our country by significantly increasing border security and deporting violent criminals who do not belong here.,46.0,,,,,1000,online_panel,registered_voters,3.1,navigator;immigration,"From Navigator topline Navigator-Topline-F04.07.25_extracted.txt, question Q32A. - side 2. Field: 2025-04-07."
NAV_20250407_005,Navigator Research,https://navigatorresearch.org/,2025-04-07,immigration,,tested_message,Those who say our immigration system has been broken for far too long. We must fix it by both securing the border and providing a pathway to citizenship for immigrants who have been here for many years and pass a background check.,60.0,,,,,1000,online_panel,registered_voters,3.1,navigator;immigration,"From Navigator topline Navigator-Topline-F04.07.25_extracted.txt, question Q32B. - side 1. Field: 2025-04-07."
NAV_20250407_006,Navigator Research,https://navigatorresearch.org/,2025-04-07,immigration,,tested_message,Those who say illegal immigration has been too high for too long and so we must secure our country by significantly increasing border security and deporting violent criminals who do not belong here.,40.0,,,,,1000,online_panel,registered_voters,3.1,navigator;immigration,"From Navigator topline Navigator-Topline-F04.07.25_extracted.txt, question Q32B. - side 2. Field: 2025-04-07."
NAV_20250407_007,Navigator Research,https://navigatorresearch.org/,2025-04-07,economy,,tested_message,"Those who say we need to make sure the rich and big corporations pay their fair share in taxes, so that we can invest in the middle class and working families who are struggling to get by.",59.0,,,,,1000,online_panel,registered_voters,3.1,navigator;economy,"From Navigator topline Navigator-Topline-F04.07.25_extracted.txt, question Q33A. - side 1. Field: 2025-04-07."
NAV_20250407_008,Navigator Research,https://navigatorresearch.org/,2025-04-07,economy,,tested_message,"Those who say we need fewer regulations and lower taxes, so that businesses can continue to invest and create jobs, and so that American families can more easily afford to get by.",41.0,,,,,1000,online_panel,registered_voters,3.1,navigator;economy,"From Navigator topline Navigator-Topline-F04.07.25_extracted.txt, question Q33A. - side 2. Field: 2025-04-07."
NAV_20250407_009,Navigator Research,https://navigatorresearch.org/,2025-04-07,economy,,tested_message,"Those who say for far too long, our tax system has been rigged in favor of the rich while hurting the middle class. We need to rewrite that system to make sure the rich and big corporations pay their fair share in taxes, so that we can invest in the middle class and working families who are struggling to get by.",68.0,,,,,1000,online_panel,registered_voters,3.1,navigator;economy,"From Navigator topline Navigator-Topline-F04.07.25_extracted.txt, question Q33B. - side 1. Field: 2025-04-07."
NAV_20250407_010,Navigator Research,https://navigatorresearch.org/,2025-04-07,economy,,tested_message,"Those who say we need fewer regulations and lower taxes, so that businesses can continue to invest and create jobs, and so that American families can more easily afford to get by.",32.0,,,,,1000,online_panel,registered_voters,3.1,navigator;economy,"From Navigator topline Navigator-Topline-F04.07.25_extracted.txt, question Q33B. - side 2. Field: 2025-04-07."
NAV_20250407_011,Navigator Research,https://navigatorresearch.org/,2025-04-07,healthcare,,tested_message,"Those who say to lower health care costs, the government should be more involved in providing health care and do more to take on drug and insurance companies that raise prices to pad their profits.",68.0,,,,,1000,online_panel,registered_voters,3.1,navigator;healthcare,"From Navigator topline Navigator-Topline-F04.07.25_extracted.txt, question Q34A. - side 1. Field: 2025-04-07."
NAV_20250407_012,Navigator Research,https://navigatorresearch.org/,2025-04-07,healthcare,,tested_message,"Those who say to lower health care costs, the government should be less involved and get out of the way of private companies that will be better at innovating and avoiding wasteful spending.",32.0,,,,,1000,online_panel,registered_voters,3.1,navigator;healthcare,"From Navigator topline Navigator-Topline-F04.07.25_extracted.txt, question Q34A. - side 2. Field: 2025-04-07."
NAV_20250407_013,Navigator Research,https://navigatorresearch.org/,2025-04-07,healthcare,,tested_message,"Those who say our health care system is broken, with 20 million Americans in medical debt. We need to do more to make health care affordable: the government should be more involved in providing health care and do more to take on drug and insurance companies that raise prices to pad their profits.",77.0,,,,,1000,online_panel,registered_voters,3.1,navigator;healthcare,"From Navigator topline Navigator-Topline-F04.07.25_extracted.txt, question Q34B. - side 1. Field: 2025-04-07."
NAV_20250407_014,Navigator Research,https://navigatorresearch.org/,2025-04-07,healthcare,,tested_message,"Those who say to lower health care costs, the government should be less involved and get out of the way of private companies that will be better at innovating and avoiding wasteful spending.",23.0,,,,,1000,online_panel,registered_voters,3.1,navigator;healthcare,"From Navigator topline Navigator-Topline-F04.07.25_extracted.txt, question Q34B. - side 2. Field: 2025-04-07."
NAV_202503_001,Navigator Research,https://navigatorresearch.org/navigators-guide-to-talking-about-government-cuts/,2025-03-14,messaging_guidance,,qualitative,"There is never a reason to talk about cutting ""spending"" as a negative. Spending is always ON SOMETHING, and you are better off talking about that specific thing.",,,,,,,online_panel,likely_voters,,navigator;general,[GUIDANCE DOCUMENT - Not a tested message with quantitative data] From: Navigator&#8217;s Guide to Talking about Government Cuts
BLP_20260121_004,Blueprint Research,https://blueprint-research.com/polling/trump-economy-1-21/,2026-01-21,economy,egg_prices,negative,"Vance acknowledges (using egg prices) that some Americans are ""still feeling things are unaffordable"" despite progress",,,,27,net_concern,,online_panel,independents,,blueprint;trump;economy;vance;egg_prices;independents,+27 net concern among independents. +1 among Republicans. From Blueprint Trump Economy poll. 10 tested quotes.
BLP_20260121_005,Blueprint Research,https://blueprint-research.com/polling/trump-economy-1-21/,2026-01-21,economy,tariffs,negative,"Bessent defends tariffs: ""access to cheap goods is not the essence of the American Dream""",,,,,net_concern,,online_panel,voters,,blueprint;trump;economy;bessent;tariffs;american_dream,+3 net concern among Republicans. Positive net concern among independents. From Blueprint Trump Economy poll. 10 tested quotes.
BLP_20260121_006,Blueprint Research,https://blueprint-research.com/polling/trump-economy-1-21/,2026-01-21,economy,cost_of_living,positive,"Speaker Johnson: Republicans are ""bullish about ideas to reduce the cost of living"" and promising ""an economic boom"" by early 2026",,,,,net_concern,,online_panel,voters,,blueprint;trump;economy;johnson;cost_of_living;lowest,Lowest intensity of concern among all groups tested. From Blueprint Trump Economy poll. 10 tested quotes.
