poll_id,source,source_url,date,question_type,question_wording,topic,issue_area,support_pct,oppose_pct,net,sample_size,methodology,population,moe,tags,data_quality
PEW_20110301_001,Pew Research Center,http://assets.pewresearch.org/wp-content/uploads/sites/5/2011/05/Political-Typology-Topline.pdf,2011-03-01,approval,Do you approve or disapprove of the way Barack Obama is handling his job as President? [IF DK ENTER AS DK. IF DEPENDS PROBE ONCE WITH: Overall do you approve or disapprove of the way Barack Obama is handling his job as President? IF STILL DEPENDS ENTER AS DK] Dis-,presidential_approval,presidential_approval,22,1,21,3029,phone,adults,,political_typology;2011,structured_poll
PEW_20110301_002,Pew Research Center,http://assets.pewresearch.org/wp-content/uploads/sites/5/2011/05/Political-Typology-Topline.pdf,2011-03-01,approval,"Do you [approve/disapprove] very strongly, or not so strongly? BASED ON TOTAL:",approval,approval,25,22,3,3029,phone,adults,,political_typology;2011,structured_poll
PEW_20110301_003,Pew Research Center,http://assets.pewresearch.org/wp-content/uploads/sites/5/2011/05/Political-Typology-Topline.pdf,2011-03-01,right_track_wrong_track,"All in all, are you satisfied or dissatisfied with the way things are going in this country today? Satis- Dis-",general_outlook,right_track_wrong_track,8,14,-6,3029,phone,adults,,political_typology;2011,structured_poll
PEW_20110301_004,Pew Research Center,http://assets.pewresearch.org/wp-content/uploads/sites/5/2011/05/Political-Typology-Topline.pdf,2011-03-01,favor,"Would you say your overall opinion of… [INSERT ITEM; RANDOMIZE ITEMS a THROUGH c FOLLOWED BY RANDOMIZED ITEMS d AND e] is very favorable, mostly favorable, mostly UNfavorable, or very unfavorable? How about [NEXT ITEM]?",general_politics,general_politics,22,1,21,3029,phone,adults,,political_typology;2011,structured_poll
PEW_20110301_005,Pew Research Center,http://assets.pewresearch.org/wp-content/uploads/sites/5/2011/05/Political-Typology-Topline.pdf,2011-03-01,favor,"First, [INSERT NAME; RANDOMIZE] would you say your overall opinion of… [INSERT NAME] is very favorable, mostly favorable, mostly UNfavorable, or very unfavorable? How about [NEXT NAME]? is very favorable, mostly favorable, mostly UNfavorable, or very unfavorable?]",general_politics,general_politics,8,14,-6,3029,phone,adults,,political_typology;2011,structured_poll
PEW_20110301_006,Pew Research Center,http://assets.pewresearch.org/wp-content/uploads/sites/5/2011/05/Political-Typology-Topline.pdf,2011-03-01,agree,situation? Mar 8-14,general_politics,general_politics,8,14,-6,3029,phone,adults,,political_typology;2011,structured_poll
PEW_20110301_007,Pew Research Center,http://assets.pewresearch.org/wp-content/uploads/sites/5/2011/05/Political-Typology-Topline.pdf,2011-03-01,agree,Aug 25- Mar 8-14,general_politics,general_politics,25,8,17,3029,phone,adults,,political_typology;2011,structured_poll
PEW_20110301_008,Pew Research Center,http://assets.pewresearch.org/wp-content/uploads/sites/5/2011/05/Political-Typology-Topline.pdf,2011-03-01,agree,"I'm going to read you some pairs of statements that will help us understand how you feel about a number of things. As I read each pair, tell me whether the FIRST statement or the SECOND statement comes closer to your own views — even if neither is exactly right. The first pair is... [AFTER CHOICE IS MADE, PROBE: Do you feel STRONGLY about that, or not?] Questions 17e and 17j asked only on Survey A. a. Government is almost always wasteful and inefficient Government often does a better job than people give it credit for",government_role,government_efficiency,22,14,8,3029,phone,adults,,political_typology;2011,structured_poll
PEW_20110301_009,Pew Research Center,http://assets.pewresearch.org/wp-content/uploads/sites/5/2011/05/Political-Typology-Topline.pdf,2011-03-01,agree,c. Poor people today have it easy because they can get government benefits without doing anything in return Poor people have hard lives because government benefits don't go far enough to help them live decently,government_role,social_safety_net,22,14,8,3029,phone,adults,,political_typology;2011,structured_poll
PEW_20110301_010,Pew Research Center,http://assets.pewresearch.org/wp-content/uploads/sites/5/2011/05/Political-Typology-Topline.pdf,2011-03-01,agree,"[INSERT FIRST ITEM; RANDOMIZE ITEMS a. THRU g. FOLLOWED BY RANDOMIZED ITEMS h. THRU j.], regularly, sometimes, hardly ever or never? How about [INSERT NEXT ITEM.]. 6",general_politics,general_politics,22,1,21,3029,phone,adults,,political_typology;2011,structured_poll
PEW_20110301_011,Pew Research Center,http://assets.pewresearch.org/wp-content/uploads/sites/5/2011/05/Political-Typology-Topline.pdf,2011-03-01,agree,"ORDER], or not? (VOL.) Yes No",general_politics,general_politics,22,1,21,3029,phone,adults,,political_typology;2011,structured_poll
PEW_20110301_012,Pew Research Center,http://assets.pewresearch.org/wp-content/uploads/sites/5/2011/05/Political-Typology-Topline.pdf,2011-03-01,agree,prefer that a Republican candidate win the election? Obama Prefer,general_politics,general_politics,8,14,-6,3029,phone,adults,,political_typology;2011,structured_poll
PEW_20110301_013,Pew Research Center,http://assets.pewresearch.org/wp-content/uploads/sites/5/2011/05/Political-Typology-Topline.pdf,2011-03-01,agree,"any, you would most like to see nominated as the Republican Party’s candidate?",political_parties,parties_general,201,9,192,3029,phone,adults,,political_typology;2011,structured_poll
PEW_20110301_014,Pew Research Center,http://assets.pewresearch.org/wp-content/uploads/sites/5/2011/05/Political-Typology-Topline.pdf,2011-03-01,agree,"OPTIONS IF NECESSARY, ELIMINATING NAME CHOSEN IN Q.B12] Mar 8-14, 2011 First Second choice choice Total Mike Huckabee Mitt Romney Sarah Palin Ron Paul Newt Gingrich Tim Pawlenty Rick Santorum Mitch Daniels Haley Barbour * Chris Christie (VOL.)",general_politics,general_politics,8,14,-6,3029,phone,adults,,political_typology;2011,structured_poll
PEW_20110301_015,Pew Research Center,http://assets.pewresearch.org/wp-content/uploads/sites/5/2011/05/Political-Typology-Topline.pdf,2011-03-01,agree,"frustrated, and others say they are angry. Which of these best describes how you feel? Basically",general_politics,general_politics,22,1,21,3029,phone,adults,,political_typology;2011,structured_poll
PEW_20110301_016,Pew Research Center,http://assets.pewresearch.org/wp-content/uploads/sites/5/2011/05/Political-Typology-Topline.pdf,2011-03-01,agree,"right? Just about always, most of the time, or only some of the time? Just about Most of Only",general_politics,general_politics,22,1,21,3029,phone,adults,,political_typology;2011,structured_poll
PEW_20110301_017,Pew Research Center,http://assets.pewresearch.org/wp-content/uploads/sites/5/2011/05/Political-Typology-Topline.pdf,2011-03-01,agree,Would you say you follow what's going on in government and public affairs... Most of,government_role,government_general,22,14,8,3029,phone,adults,,political_typology;2011,structured_poll
PEW_20110301_018,Pew Research Center,http://assets.pewresearch.org/wp-content/uploads/sites/5/2011/05/Political-Typology-Topline.pdf,2011-03-01,agree,RANDOMIZE QUESTIONS B34 AND B35 RANDOMIZE]?,general_politics,general_politics,8,14,-6,3029,phone,adults,,political_typology;2011,structured_poll
PEW_20110301_019,Pew Research Center,http://assets.pewresearch.org/wp-content/uploads/sites/5/2011/05/Political-Typology-Topline.pdf,2011-03-01,agree,RANDOMIZE QUESTIONS B34 AND B35 RANDOMIZE]?,general_politics,general_politics,8,14,-6,3029,phone,adults,,political_typology;2011,structured_poll
PEW_20110301_020,Pew Research Center,http://assets.pewresearch.org/wp-content/uploads/sites/5/2011/05/Political-Typology-Topline.pdf,2011-03-01,agree,"Now I'm going to read a few more pairs of statements. Again, just tell me whether the FIRST statement or the SECOND statement comes closer to your own views — even if neither is exactly right. The first pair is... [AFTER CHOICE IS MADE, PROBE: Do you feel STRONGLY about that, or not?] Questions 37s, 37t, 37v, 37cc, 37ee, 37ff, 37gg asked only on Survey A. Question 37ii asked only on Survey B. q. This country should do whatever it takes to protect the environment This country has gone too far in its efforts to protect the environment",climate_environment,climate_environment,22,1,21,3029,phone,adults,,political_typology;2011,structured_poll
PEW_20110301_021,Pew Research Center,http://assets.pewresearch.org/wp-content/uploads/sites/5/2011/05/Political-Typology-Topline.pdf,2011-03-01,agree,Homosexuality should be accepted by society Homosexuality should be discouraged by society,lgbt_rights,lgbt_rights_general,22,14,8,3029,phone,adults,,political_typology;2011,structured_poll
PEW_20110301_022,Pew Research Center,http://assets.pewresearch.org/wp-content/uploads/sites/5/2011/05/Political-Typology-Topline.pdf,2011-03-01,agree,"REVERSE ORDER FOR HALF OF SAMPLE] Mar 8-14 2011 The U.S. stands above all other countries in the world. The U.S. is one of the greatest countries in the world, along with some others There are other countries that are better than the U.S. Don’t know/Refused (VOL.) NO QUESTIONS 39-44",general_politics,general_politics,8,14,-6,3029,phone,adults,,political_typology;2011,structured_poll
PEW_20110301_023,Pew Research Center,http://assets.pewresearch.org/wp-content/uploads/sites/5/2011/05/Political-Typology-Topline.pdf,2011-03-01,agree,RANDOMIZE PAIRS BUT NOT STATEMENTS WITHIN EACH PAIR] a.,general_politics,general_politics,22,1,21,3029,phone,adults,,political_typology;2011,structured_poll
PEW_20110301_024,Pew Research Center,http://assets.pewresearch.org/wp-content/uploads/sites/5/2011/05/Political-Typology-Topline.pdf,2011-03-01,agree,"Next, meant as it was originally written, or should the court base its rulings on its understanding of what the US Constitution means in current times? What it meant What it means Somewhere",general_politics,general_politics,22,1,21,3029,phone,adults,,political_typology;2011,structured_poll
PEW_20110301_025,Pew Research Center,http://assets.pewresearch.org/wp-content/uploads/sites/5/2011/05/Political-Typology-Topline.pdf,2011-03-01,agree,"bigger government providing more services? Smaller government, Bigger government,",government_role,role_of_government,8,14,-6,3029,phone,adults,,political_typology;2011,structured_poll
PEW_20110301_026,Pew Research Center,http://assets.pewresearch.org/wp-content/uploads/sites/5/2011/05/Political-Typology-Topline.pdf,2011-03-01,agree,cut it back? Keep Cut,general_politics,general_politics,22,1,21,3029,phone,adults,,political_typology;2011,structured_poll
PEW_20110301_027,Pew Research Center,http://assets.pewresearch.org/wp-content/uploads/sites/5/2011/05/Political-Typology-Topline.pdf,2011-03-01,favor,been a good thing or a bad thing for the United States? (VOL.) Good thing Bad thing,general_politics,general_politics,22,1,21,3029,phone,adults,,political_typology;2011,structured_poll
PEW_20110301_028,Pew Research Center,http://assets.pewresearch.org/wp-content/uploads/sites/5/2011/05/Political-Typology-Topline.pdf,2011-03-01,priority,"addressing America’s energy supply? ? Feb 22-Mar 1 2011 Developing alternative sources, such as wind, solar and hydrogen technology Expanding exploration and production of oil, coal and natural gas Both should be given equal priority (VOL.) Don’t know/Refused (VOL.) In December 2006, December 2004, July 2004 and March 2004, the question wording asked about: “free trade agreements like NAFTA and the World Trade Organization,” and did not mention “policies of” the World Trade Organization. In October 2005 the question asked: “So far, do you think that NAFTA has been a good thing or a bad thing from a U.S. point of view?” In December 2003 the question wording asked about “free trade agreements like NAFTA and the WTO;” full names of the organizations were read out only if the respondent was uncertain. In Early September 2001 and earlier the question asked about: “…NAFTA, the North American Free Trade Agreement...”",priorities,priorities,22,1,21,3029,phone,adults,,political_typology;2011,structured_poll
PEW_20110301_029,Pew Research Center,http://assets.pewresearch.org/wp-content/uploads/sites/5/2011/05/Political-Typology-Topline.pdf,2011-03-01,agree,"health care in the U.S.? Will it have a mostly good effect, a mostly bad effect, or a mix of good and bad?",healthcare,healthcare_general,22,1,21,3029,phone,adults,,political_typology;2011,structured_poll
PEW_20110301_030,Pew Research Center,http://assets.pewresearch.org/wp-content/uploads/sites/5/2011/05/Political-Typology-Topline.pdf,2011-03-01,agree,gun ownership? Protect right,gun_policy,gun_policy,22,1,21,3029,phone,adults,,political_typology;2011,structured_poll
PEW_20110301_031,Pew Research Center,http://assets.pewresearch.org/wp-content/uploads/sites/5/2011/05/Political-Typology-Topline.pdf,2011-03-01,favor,----------Favor--------- ---------Oppose--------,general_politics,general_politics,22,1,21,3029,phone,adults,,political_typology;2011,structured_poll
PEW_20110301_032,Pew Research Center,http://assets.pewresearch.org/wp-content/uploads/sites/5/2011/05/Political-Typology-Topline.pdf,2011-03-01,agree,Legal Legal Illegal Illegal NET NET in all in most in most in all,immigration,legal_immigration,22,1,21,3029,phone,adults,,political_typology;2011,structured_poll
PEW_20110301_033,Pew Research Center,http://assets.pewresearch.org/wp-content/uploads/sites/5/2011/05/Political-Typology-Topline.pdf,2011-03-01,agree,"(VOL.) Yes, legal No, illegal",immigration,legal_immigration,22,1,21,3029,phone,adults,,political_typology;2011,structured_poll
PEW_20110301_034,Pew Research Center,http://assets.pewresearch.org/wp-content/uploads/sites/5/2011/05/Political-Typology-Topline.pdf,2011-03-01,agree,children? Should play a Should not play,general_politics,general_politics,22,1,21,3029,phone,adults,,political_typology;2011,structured_poll
PEW_20110301_035,Pew Research Center,http://assets.pewresearch.org/wp-content/uploads/sites/5/2011/05/Political-Typology-Topline.pdf,2011-03-01,agree,BASED ON TOTAL: Sep 30-,general_politics,general_politics,30,22,8,3029,phone,adults,,political_typology;2011,structured_poll
PEW_20110301_036,Pew Research Center,http://assets.pewresearch.org/wp-content/uploads/sites/5/2011/05/Political-Typology-Topline.pdf,2011-03-01,agree,"Afghanistan too quickly, not quickly enough, or is he handling this about right? Not quickly",foreign_policy,middle_east,22,1,21,3029,phone,adults,,political_typology;2011,structured_poll
PEW_20110301_037,Pew Research Center,http://assets.pewresearch.org/wp-content/uploads/sites/5/2011/05/Political-Typology-Topline.pdf,2011-03-01,agree,RANDOMIZE] (VOL.),general_politics,general_politics,8,14,-6,3029,phone,adults,,political_typology;2011,structured_poll
PEW_20110301_038,Pew Research Center,http://assets.pewresearch.org/wp-content/uploads/sites/5/2011/05/Political-Typology-Topline.pdf,2011-03-01,priority,"deficit should be a top priority, important but lower priority, not too important, or does it not need to be addressed this year?",priorities,priorities,8,14,-6,3029,phone,adults,,political_typology;2011,structured_poll
PEW_20110301_039,Pew Research Center,http://assets.pewresearch.org/wp-content/uploads/sites/5/2011/05/Political-Typology-Topline.pdf,2011-03-01,favor,(VOL.) Favor Oppose,general_politics,general_politics,8,14,-6,3029,phone,adults,,political_typology;2011,structured_poll
PEW_20110301_040,Pew Research Center,http://assets.pewresearch.org/wp-content/uploads/sites/5/2011/05/Political-Typology-Topline.pdf,2011-03-01,agree,"in Congress], or is there not much difference? Barack Republicans",political_parties,party_differentiation,8,14,-6,3029,phone,adults,,political_typology;2011,structured_poll
PEW_20110301_041,Pew Research Center,http://assets.pewresearch.org/wp-content/uploads/sites/5/2011/05/Political-Typology-Topline.pdf,2011-03-01,agree,"deficit, do you think these cuts will [RANDOMIZE: help the job situation/hurt the job situation], or not have much of an effect either way?",general_politics,general_politics,8,14,-6,3029,phone,adults,,political_typology;2011,structured_poll
PEW_20110301_042,Pew Research Center,http://assets.pewresearch.org/wp-content/uploads/sites/5/2011/05/Political-Typology-Topline.pdf,2011-03-01,favor,"society, a bad thing for American society, or doesn’t make much difference? (First/Next) [INSERT ITEM; RANDOMIZE ITEMS a AND b FOLLOWED BY ITEM c] Good thing Bad thing Doesn’t make",general_politics,general_politics,8,14,-6,3029,phone,adults,,political_typology;2011,structured_poll
PEW_20110301_043,Pew Research Center,http://assets.pewresearch.org/wp-content/uploads/sites/5/2011/05/Political-Typology-Topline.pdf,2011-03-01,agree,Mar 8-14 2011 Yes No * Don’t know/Refused (VOL.),general_politics,general_politics,8,14,-6,3029,phone,adults,,political_typology;2011,structured_poll
PEW_20110301_044,Pew Research Center,http://assets.pewresearch.org/wp-content/uploads/sites/5/2011/05/Political-Typology-Topline.pdf,2011-03-01,agree,"without a job and looking for work, or not? (VOL.) Yes No",general_politics,general_politics,8,14,-6,3029,phone,adults,,political_typology;2011,structured_poll
PEW_20110301_045,Pew Research Center,http://assets.pewresearch.org/wp-content/uploads/sites/5/2011/05/Political-Typology-Topline.pdf,2011-03-01,agree,PARTYLN As of today do you lean more to the Republican Party or more to the Democratic Party?,political_parties,parties_general,8,14,-6,3029,phone,adults,,political_typology;2011,structured_poll
PEW_20110301_046,Pew Research Center,http://assets.pewresearch.org/wp-content/uploads/sites/5/2011/05/Political-Typology-Topline.pdf,2011-03-01,agree,PARTYSTR Do you consider yourself a STRONG [Republican/Democrat] or NOT a strong [Republican/Democrat]? Strong,general_politics,general_politics,12,24,-12,3029,phone,adults,,political_typology;2011,structured_poll
PEW_20110301_047,Pew Research Center,http://assets.pewresearch.org/wp-content/uploads/sites/5/2011/05/Political-Typology-Topline.pdf,2011-03-01,agree,"TEAPARTY2 From what you know, do you agree or disagree with the Tea Party movement, or don’t you have an opinion either way?",general_politics,general_politics,8,14,-6,3029,phone,adults,,political_typology;2011,structured_poll
PEW_20110301_048,Pew Research Center,http://assets.pewresearch.org/wp-content/uploads/sites/5/2011/05/Political-Typology-Topline.pdf,2011-03-01,agree,"PVOTE08B Did you vote for Obama, McCain or someone else? BASED ON REGISTERED VOTERS [N=1251]:",general_politics,general_politics,8,14,-6,3029,phone,adults,,political_typology;2011,structured_poll
PEW_20110301_049,Pew Research Center,http://assets.pewresearch.org/wp-content/uploads/sites/5/2011/05/Political-Typology-Topline.pdf,2011-03-01,agree,OFTVOTE How often would you say you vote...? BASED ON REGISTERED VOTERS [N=2482]:,general_politics,general_politics,22,14,8,3029,phone,adults,,political_typology;2011,structured_poll
PEW_20110301_050,Pew Research Center,http://assets.pewresearch.org/wp-content/uploads/sites/5/2011/05/Political-Typology-Topline.pdf,2011-03-01,agree,"EMPLOY Are you now employed full-time, part-time or not employed? IF NOT EMPLOYED (EMPLOY=3) ASK: EMPLOY1 Are you currently looking for work, or not? IF PART TIME (EMPLOY=2) ASK: EMPLOY7 Would you prefer to be working full time, or not?",general_politics,general_politics,7,10,-3,3029,phone,adults,,political_typology;2011,structured_poll
PEW_20110301_051,Pew Research Center,http://assets.pewresearch.org/wp-content/uploads/sites/5/2011/05/Political-Typology-Topline.pdf,2011-03-01,agree,"Apr 7-10 2011 Yes No Don't know/Refused (VOL.) IF NO OR DON’T KNOW (QCB2=2,9) ASK: BASED ON TOTAL:",general_politics,general_politics,7,10,-3,3029,phone,adults,,political_typology;2011,structured_poll
PEW_20110301_052,Pew Research Center,http://assets.pewresearch.org/wp-content/uploads/sites/5/2011/05/Political-Typology-Topline.pdf,2011-03-01,agree,OWNRENT Do you own or rent your home?,general_politics,general_politics,7,10,-3,3029,phone,adults,,political_typology;2011,structured_poll
PEW_20110301_053,Pew Research Center,http://assets.pewresearch.org/wp-content/uploads/sites/5/2011/05/Political-Typology-Topline.pdf,2011-03-01,agree,"RANDOMIZE], or not? (VOL.) Yes No",general_politics,general_politics,7,10,-3,3029,phone,adults,,political_typology;2011,structured_poll
PEW_20110301_054,Pew Research Center,http://assets.pewresearch.org/wp-content/uploads/sites/5/2011/05/Political-Typology-Topline.pdf,2011-03-01,agree,VET1 Have you or has anyone in your household ever served in the U.S. military or the military reserves? [IF YES: Is that you or someone else?],foreign_policy,foreign_policy_general,7,10,-3,3029,phone,adults,,political_typology;2011,structured_poll
PEW_20110301_055,Pew Research Center,http://assets.pewresearch.org/wp-content/uploads/sites/5/2011/05/Political-Typology-Topline.pdf,2011-03-01,agree,"VET2a Did [IF VET1=1:you] [IF VET1=2:that person] [IF VET1=3:you or that person] serve in the military or military reserves since September 11, 2001? BASED ON VETERAN HOUSEHOLDS [N=559]:",foreign_policy,foreign_policy_general,7,10,-3,3029,phone,adults,,political_typology;2011,structured_poll
PEW_20110301_056,Pew Research Center,http://assets.pewresearch.org/wp-content/uploads/sites/5/2011/05/Political-Typology-Topline.pdf,2011-03-01,agree,And just a couple of questions about current events… [RANDOMIZE: Cutting major programs / Increasing taxes] mostly focus on [increasing taxes / cutting major programs] or should we do a combination of both?,taxes,taxes,7,10,-3,3029,phone,adults,,political_typology;2011,structured_poll
PEW_20110301_057,Pew Research Center,http://assets.pewresearch.org/wp-content/uploads/sites/5/2011/05/Political-Typology-Topline.pdf,2011-03-01,agree,decision to conduct military air strikes in Libya? Right Wrong,foreign_policy,foreign_policy_general,7,10,-3,3029,phone,adults,,political_typology;2011,structured_poll
PEW_20110301_058,Pew Research Center,http://assets.pewresearch.org/wp-content/uploads/sites/5/2011/05/Political-Typology-Topline.pdf,2011-03-01,agree,CVOTE10B Did you happen to vote for a Republican candidate or a Democratic candidate for U.S. Congress in your district?,general_politics,general_politics,7,10,-3,3029,phone,adults,,political_typology;2011,structured_poll
PEW_20110301_059,Pew Research Center,http://assets.pewresearch.org/wp-content/uploads/sites/5/2011/05/Political-Typology-Topline.pdf,2011-03-01,agree,born in the United States or was he born in another country? Apr 7-10 2011 United States Another country Don't know/Refused (VOL.),general_politics,general_politics,7,10,-3,3029,phone,adults,,political_typology;2011,structured_poll
PEW_20140226_001,Pew Research Center,https://assets.pewresearch.org/wp-content/uploads/sites/5/2014/06/2014-Polarization-Topline-for-Release.pdf,2014-02-26,agree,"How often would you say you vote...? BASED ON REGISTERED VOTERS [N=8,000]: Always Nearly always Part of the time Seldom (VOL.) Never vote (VOL.) Other (VOL.) DK/Ref",general_politics,general_politics,23,16,7,10013,phone,adults,,political_polarization;typology;2014,structured_poll
PEW_20140226_002,Pew Research Center,https://assets.pewresearch.org/wp-content/uploads/sites/5/2014/06/2014-Polarization-Topline-for-Release.pdf,2014-02-26,agree,As of today do you lean more to the Republican Party or more to the Democratic Party? (VOL.) (VOL.) No Other (VOL.) Lean Lean Republican Democrat Independent preference party DK/Ref Rep Dem,political_parties,parties_general,23,16,7,10013,phone,adults,,political_polarization;typology;2014,structured_poll
PEW_20140226_003,Pew Research Center,https://assets.pewresearch.org/wp-content/uploads/sites/5/2014/06/2014-Polarization-Topline-for-Release.pdf,2014-02-26,agree,"From what you know, do you agree or disagree with the Tea Party movement, or don’t you have an opinion either way? (VOL.) Not No opinion Haven’t (VOL.) heard of/ Agree Disagree either way heard of Refused DK",general_politics,general_politics,23,16,7,10013,phone,adults,,political_polarization;typology;2014,structured_poll
PEW_20140301_001,Pew Research Center,https://assets.pewresearch.org/wp-content/uploads/sites/5/2014/06/APPENDIX-4-Typology-Topline-for-Release.pdf,2014-03-01,agree,"How often would you say you vote...? BASED ON REGISTERED VOTERS [N=7,999]: Always Nearly always Part of the time Seldom (VOL.) Never vote (VOL.) Other (VOL.) DK/Ref",general_politics,general_politics,23,16,7,10013,phone,adults,,political_typology;appendix;2014,structured_poll
PEW_20140301_002,Pew Research Center,https://assets.pewresearch.org/wp-content/uploads/sites/5/2014/06/APPENDIX-4-Typology-Topline-for-Release.pdf,2014-03-01,agree,As of today do you lean more to the Republican Party or more to the Democratic Party? (VOL.) (VOL.) No Other (VOL.) Lean Lean Republican Democrat Independent preference party DK/Ref Rep Dem,political_parties,parties_general,23,16,7,10013,phone,adults,,political_typology;appendix;2014,structured_poll
PEW_20140301_003,Pew Research Center,https://assets.pewresearch.org/wp-content/uploads/sites/5/2014/06/APPENDIX-4-Typology-Topline-for-Release.pdf,2014-03-01,agree,"From what you know, do you agree or disagree with the Tea Party movement, or don’t you have an opinion either way? (VOL.) Not No opinion Haven’t (VOL.) heard of/ Agree Disagree either way heard of Refused DK",general_politics,general_politics,23,16,7,10013,phone,adults,,political_typology;appendix;2014,structured_poll
PEW_20170709_001,Pew Research Center,https://www.people-press.org/wp-content/uploads/sites/4/2017/10/10-24-2017-typology-toplines-for-release.pdf,2017-07-09,approval,Do you approve or disapprove of the way Donald Trump is handling his job as President? [IF DK ENTER AS DK. IF DEPENDS PROBE ONCE WITH: Overall do you approve or disapprove of the way Donald Trump is handling his job as President? IF STILL DEPENDS ENTER AS DK],presidential_approval,presidential_approval,8,18,-10,5009,phone,adults,,political_typology;2017,structured_poll
PEW_20170709_002,Pew Research Center,https://www.people-press.org/wp-content/uploads/sites/4/2017/10/10-24-2017-typology-toplines-for-release.pdf,2017-07-09,favor,"favorable, mostly UNfavorable, or very unfavorable? How about [NEXT ITEM]?",general_politics,general_politics,8,18,-10,5009,phone,adults,,political_typology;2017,structured_poll
PEW_20170709_003,Pew Research Center,https://www.people-press.org/wp-content/uploads/sites/4/2017/10/10-24-2017-typology-toplines-for-release.pdf,2017-07-09,agree,How well does the [INSERT ITEM; RANDOMIZE] represent your values ? What about [NEXT]? Very Somewhat Not too Not at all (VOL.) well well well well,values,political_values,27,9,18,5009,phone,adults,,political_typology;2017,structured_poll
PEW_20170709_004,Pew Research Center,https://www.people-press.org/wp-content/uploads/sites/4/2017/10/10-24-2017-typology-toplines-for-release.pdf,2017-07-09,agree,"I'm going to read you some pairs of statements that will help us understand how you feel about a number of things. As I read each pair, tell me whether the FIRST statement or the SECOND statement comes closer to your own views — even if neither is exactly right. The first pair is . , [NEXT PAIR]. In Feb 8-12, 2012 survey, question was asked as a stand-alone item.",general_politics,general_politics,8,12,-4,5009,phone,adults,,political_typology;2017,structured_poll
PEW_20170709_005,Pew Research Center,https://www.people-press.org/wp-content/uploads/sites/4/2017/10/10-24-2017-typology-toplines-for-release.pdf,2017-07-09,agree,a. Government is almost always wasteful and inefficient Government often does a better job than people give it credit for,government_role,government_efficiency,8,18,-10,5009,phone,adults,,political_typology;2017,structured_poll
PEW_20170709_006,Pew Research Center,https://www.people-press.org/wp-content/uploads/sites/4/2017/10/10-24-2017-typology-toplines-for-release.pdf,2017-07-09,agree,b. Government regulation of business is necessary to protect the public interest Government regulation of business usually does more harm than good,government_role,regulation,8,9,-1,5009,phone,adults,,political_typology;2017,structured_poll
PEW_20170709_007,Pew Research Center,https://www.people-press.org/wp-content/uploads/sites/4/2017/10/10-24-2017-typology-toplines-for-release.pdf,2017-07-09,agree,c. Poor people today have it easy because they can get government benefits without doing anything in return Poor people have hard lives because government benefits don't go far enough to help them live decently,government_role,social_safety_net,8,9,-1,5009,phone,adults,,political_typology;2017,structured_poll
PEW_20170709_008,Pew Research Center,https://www.people-press.org/wp-content/uploads/sites/4/2017/10/10-24-2017-typology-toplines-for-release.pdf,2017-07-09,agree,"d. The government should do more to help needy Americans, even if it means going deeper into debt The government today can't afford to do much more to help the needy",government_role,government_general,8,18,-10,5009,phone,adults,,political_typology;2017,structured_poll
PEW_20170709_009,Pew Research Center,https://www.people-press.org/wp-content/uploads/sites/4/2017/10/10-24-2017-typology-toplines-for-release.pdf,2017-07-09,agree,f. Racial discrimination is the main reason why many black people can't get ahead these days Blacks who can't get ahead in this country are mostly responsible for their own condition,race_equality,race_equality,8,18,-10,5009,phone,adults,,political_typology;2017,structured_poll
PEW_20170709_010,Pew Research Center,https://www.people-press.org/wp-content/uploads/sites/4/2017/10/10-24-2017-typology-toplines-for-release.pdf,2017-07-09,agree,"g. Immigrants today strengthen our country because of their hard work and talents Immigrants today are a burden on our country because they take our jobs, housing and health care",economy,jobs,8,9,-1,5009,phone,adults,,political_typology;2017,structured_poll
PEW_20170709_011,Pew Research Center,https://www.people-press.org/wp-content/uploads/sites/4/2017/10/10-24-2017-typology-toplines-for-release.pdf,2017-07-09,agree,i. The best way to ensure peace is through military strength Good diplomacy is the best way to ensure peace,foreign_policy,foreign_policy_general,8,18,-10,5009,phone,adults,,political_typology;2017,structured_poll
PEW_20170709_012,Pew Research Center,https://www.people-press.org/wp-content/uploads/sites/4/2017/10/10-24-2017-typology-toplines-for-release.pdf,2017-07-09,agree,k. Most people who want to get ahead can make it if they're willing to work hard Hard work and determination are no guarantee of success for most people,values,political_values,8,9,-1,5009,phone,adults,,political_typology;2017,structured_poll
PEW_20170709_013,Pew Research Center,https://www.people-press.org/wp-content/uploads/sites/4/2017/10/10-24-2017-typology-toplines-for-release.pdf,2017-07-09,agree,RANDOMIZE] or more because of its [ITEM]? Sep 16-,general_politics,general_politics,16,8,8,5009,phone,adults,,political_typology;2017,structured_poll
PEW_20170709_014,Pew Research Center,https://www.people-press.org/wp-content/uploads/sites/4/2017/10/10-24-2017-typology-toplines-for-release.pdf,2017-07-09,agree,n. Business corporations make too much profit Most corporations make a fair and reasonable amount of profit,general_politics,general_politics,8,9,-1,5009,phone,adults,,political_typology;2017,structured_poll
PEW_20170709_015,Pew Research Center,https://www.people-press.org/wp-content/uploads/sites/4/2017/10/10-24-2017-typology-toplines-for-release.pdf,2017-07-09,agree,p. Americans need to sacrifice some privacy and freedoms in order to be safe from terrorism Americans do NOT need to sacrifice privacy and freedoms in order to be safe from terrorism,foreign_policy,terrorism,27,9,18,5009,phone,adults,,political_typology;2017,structured_poll
PEW_20170709_016,Pew Research Center,https://www.people-press.org/wp-content/uploads/sites/4/2017/10/10-24-2017-typology-toplines-for-release.pdf,2017-07-09,favor,would you say you generally find it to be ? Jun 27-Jul 9 2017 Interesting and informative [OR] Stressful and frustrating Don’t talk politics with people who have a different opinion of Trump (VOL.) Don’t know/Refused (VOL.),general_politics,general_politics,27,9,18,5009,phone,adults,,political_typology;2017,structured_poll
PEW_20170709_017,Pew Research Center,https://www.people-press.org/wp-content/uploads/sites/4/2017/10/10-24-2017-typology-toplines-for-release.pdf,2017-07-09,agree,"bigger government providing more services? Smaller government, Bigger government,",government_role,role_of_government,27,9,18,5009,phone,adults,,political_typology;2017,structured_poll
PEW_20170709_018,Pew Research Center,https://www.people-press.org/wp-content/uploads/sites/4/2017/10/10-24-2017-typology-toplines-for-release.pdf,2017-07-09,favor,Jun 27-Jul 9 Apr 12-19 2017 20165 Is a good thing because it provides the U.S. with new markets and opportunities for growth [OR] Is a bad thing because it lowers wages and costs jobs in the U.S. Neither (VOL.) Don’t know/Refused (VOL.),economy,jobs,27,9,18,5009,phone,adults,,political_typology;2017,structured_poll
PEW_20170709_019,Pew Research Center,https://www.people-press.org/wp-content/uploads/sites/4/2017/10/10-24-2017-typology-toplines-for-release.pdf,2017-07-09,agree,"OFTVOTE How often would you say you vote... ? BASED ON REGISTERED VOTERS [N=4,152] Always Nearly always Part of the time Seldom",general_politics,general_politics,8,9,-1,5009,phone,adults,,political_typology;2017,structured_poll
PEW_20170709_020,Pew Research Center,https://www.people-press.org/wp-content/uploads/sites/4/2017/10/10-24-2017-typology-toplines-for-release.pdf,2017-07-09,agree,Would you say you follow what’s going on in government and public affairs ? Most of,government_role,government_general,8,9,-1,5009,phone,adults,,political_typology;2017,structured_poll
PEW_20170709_021,Pew Research Center,https://www.people-press.org/wp-content/uploads/sites/4/2017/10/10-24-2017-typology-toplines-for-release.pdf,2017-07-09,favor,"UNfavorable, or very unfavorable? How about [NEXT NAME]? very favorable, mostly favorable, mostly UNfavorable, or very unfavorable?]",general_politics,general_politics,27,9,18,5009,phone,adults,,political_typology;2017,structured_poll
PEW_20170709_022,Pew Research Center,https://www.people-press.org/wp-content/uploads/sites/4/2017/10/10-24-2017-typology-toplines-for-release.pdf,2017-07-09,agree,the worse] or don’t you think he has changed the Republican Party much either way? Jun 27-Jul 9 2017 Changed for the better Changed for the worse Hasn’t changed Republican Party much either way Don't know/Refused (VOL.) NO QUESTIONS 47-49,political_parties,parties_general,27,9,18,5009,phone,adults,,political_typology;2017,structured_poll
PEW_20170709_023,Pew Research Center,https://www.people-press.org/wp-content/uploads/sites/4/2017/10/10-24-2017-typology-toplines-for-release.pdf,2017-07-09,agree,r. Stricter environmental laws and regulations cost too many jobs and hurt the economy Stricter environmental laws and regulations are worth the cost,economy,jobs,8,9,-1,5009,phone,adults,,political_typology;2017,structured_poll
PEW_20170709_024,Pew Research Center,https://www.people-press.org/wp-content/uploads/sites/4/2017/10/10-24-2017-typology-toplines-for-release.pdf,2017-07-09,agree,y. I'm generally satisfied with the way things are going for me financially I'm not very satisfied with my financial situation,economy,personal_finances,8,18,-10,5009,phone,adults,,political_typology;2017,structured_poll
PEW_20170709_025,Pew Research Center,https://www.people-press.org/wp-content/uploads/sites/4/2017/10/10-24-2017-typology-toplines-for-release.pdf,2017-07-09,agree,aa. It IS NOT necessary to believe in God in order to be moral and have good values It IS necessary to believe in God in order to be moral and have good values,religion,religion,8,9,-1,5009,phone,adults,,political_typology;2017,structured_poll
PEW_20170709_026,Pew Research Center,https://www.people-press.org/wp-content/uploads/sites/4/2017/10/10-24-2017-typology-toplines-for-release.pdf,2017-07-09,agree,"cc. In foreign policy, the U.S. should take into account the interests of its allies even if it means making compromises with them In foreign policy, the U.S. should follow its OWN national interests even when its allies strongly disagree",foreign_policy,foreign_policy_general,8,9,-1,5009,phone,adults,,political_typology;2017,structured_poll
PEW_20170709_027,Pew Research Center,https://www.people-press.org/wp-content/uploads/sites/4/2017/10/10-24-2017-typology-toplines-for-release.pdf,2017-07-09,agree,ee. It’s best for the future of our country to be active in world affairs We should pay less attention to problems overseas and concentrate on problems here at home,foreign_policy,foreign_policy_general,8,9,-1,5009,phone,adults,,political_typology;2017,structured_poll
PEW_20170709_028,Pew Research Center,https://www.people-press.org/wp-content/uploads/sites/4/2017/10/10-24-2017-typology-toplines-for-release.pdf,2017-07-09,agree,hh. Our country has made the changes needed to give blacks equal rights with whites Our country needs to continue making changes to give blacks equal rights with whites,race_equality,race_equality,8,9,-1,5009,phone,adults,,political_typology;2017,structured_poll
PEW_20170709_029,Pew Research Center,https://www.people-press.org/wp-content/uploads/sites/4/2017/10/10-24-2017-typology-toplines-for-release.pdf,2017-07-09,agree,"How big a problem, if at all, is economic inequality in this country today? Is it Jun 27-Jul 9 2017 A very big problem A moderately big problem A small problem [OR]",economy,economy_general,27,9,18,5009,phone,adults,,political_typology;2017,structured_poll
PEW_20170709_030,Pew Research Center,https://www.people-press.org/wp-content/uploads/sites/4/2017/10/10-24-2017-typology-toplines-for-release.pdf,2017-07-09,agree,"E.2 Are you now enrolled in school, either full or part-time, or not?",education,education,27,9,18,5009,phone,adults,,political_typology;2017,structured_poll
PEW_20170709_031,Pew Research Center,https://www.people-press.org/wp-content/uploads/sites/4/2017/10/10-24-2017-typology-toplines-for-release.pdf,2017-07-09,agree,E.1 Are you now currently retired?,general_politics,general_politics,27,9,18,5009,phone,adults,,political_typology;2017,structured_poll
PEW_20170709_032,Pew Research Center,https://www.people-press.org/wp-content/uploads/sites/4/2017/10/10-24-2017-typology-toplines-for-release.pdf,2017-07-09,agree,"E.3 [IF E.1=1,2: Some people who have retired do some type of work for pay…/IF E.2=1,2 & E1=3,9:",general_politics,general_politics,27,9,18,5009,phone,adults,,political_typology;2017,structured_poll
PEW_20170709_033,Pew Research Center,https://www.people-press.org/wp-content/uploads/sites/4/2017/10/10-24-2017-typology-toplines-for-release.pdf,2017-07-09,agree,"E.11 Could your household cover expenses if you had to live ONLY off of savings for three months? (IF YES, ASK:) Could your household live off savings for six months? [INSTRUCTION IF YES TO THREE MONTHS: If respondent is not sure about six months follow up, punch 2]",general_politics,general_politics,27,9,18,5009,phone,adults,,political_typology;2017,structured_poll
PEW_20170709_034,Pew Research Center,https://www.people-press.org/wp-content/uploads/sites/4/2017/10/10-24-2017-typology-toplines-for-release.pdf,2017-07-09,agree,jj. Religion should be kept separate from government policies Government policies should support religious values and beliefs,government_role,government_general,8,18,-10,5009,phone,adults,,political_typology;2017,structured_poll
PEW_20170709_035,Pew Research Center,https://www.people-press.org/wp-content/uploads/sites/4/2017/10/10-24-2017-typology-toplines-for-release.pdf,2017-07-09,agree,ll. The economic system in this country unfairly favors powerful interests The economic system in this country is generally fair to most Americans,economy,economy_general,8,9,-1,5009,phone,adults,,political_typology;2017,structured_poll
PEW_20170709_036,Pew Research Center,https://www.people-press.org/wp-content/uploads/sites/4/2017/10/10-24-2017-typology-toplines-for-release.pdf,2017-07-09,agree,Jun 27-Jul 9 2017,general_politics,general_politics,18,22,-4,5009,phone,adults,,political_typology;2017,structured_poll
PEW_20170709_037,Pew Research Center,https://www.people-press.org/wp-content/uploads/sites/4/2017/10/10-24-2017-typology-toplines-for-release.pdf,2017-07-09,agree,mm. I like elected officials who make compromises with people they disagree with I like elected officials who stick to their positions,political_engagement,political_engagement,27,9,18,5009,phone,adults,,political_typology;2017,structured_poll
PEW_20170709_038,Pew Research Center,https://www.people-press.org/wp-content/uploads/sites/4/2017/10/10-24-2017-typology-toplines-for-release.pdf,2017-07-09,agree,nn. The obstacles that once made it harder for women than men to get ahead are now largely gone There are still significant obstacles that make it harder for women to get ahead than men,general_politics,general_politics,8,9,-1,5009,phone,adults,,political_typology;2017,structured_poll
PEW_20170709_039,Pew Research Center,https://www.people-press.org/wp-content/uploads/sites/4/2017/10/10-24-2017-typology-toplines-for-release.pdf,2017-07-09,agree,pp. There are clear solutions to most big issues facing the country today Most big issues facing the country today don’t have clear solutions,general_outlook,right_track_wrong_track,27,9,18,5009,phone,adults,,political_typology;2017,structured_poll
PEW_20170709_040,Pew Research Center,https://www.people-press.org/wp-content/uploads/sites/4/2017/10/10-24-2017-typology-toplines-for-release.pdf,2017-07-09,agree,"qq. America’s openness to people from all over the world is essential to who we are as a nation If America is too open to people from all over the world, we risk losing our identity as a nation",general_politics,general_politics,27,9,18,5009,phone,adults,,political_typology;2017,structured_poll
PEW_20170709_041,Pew Research Center,https://www.people-press.org/wp-content/uploads/sites/4/2017/10/10-24-2017-typology-toplines-for-release.pdf,2017-07-09,agree,rr. Voting gives people like me some say about how government runs things Voting by people like me doesn’t really affect how government runs things,government_role,government_general,27,9,18,5009,phone,adults,,political_typology;2017,structured_poll
PEW_20170709_042,Pew Research Center,https://www.people-press.org/wp-content/uploads/sites/4/2017/10/10-24-2017-typology-toplines-for-release.pdf,2017-07-09,agree,RANDOMIZE] Jun 27-Jul 9 2017 Working to train people in the skills needed for jobs that are in demand Working to bring back or save the kinds of jobs that match the skills people already have Don’t know/Refused (VOL.),economy,jobs,27,9,18,5009,phone,adults,,political_typology;2017,structured_poll
PEW_20170709_043,Pew Research Center,https://www.people-press.org/wp-content/uploads/sites/4/2017/10/10-24-2017-typology-toplines-for-release.pdf,2017-07-09,agree,"year have you [INSERT ITEM; RANDOMIZE], or not? And over the last year have you [INSERT NEXT ITEM], or not? Yes, have done this No have not done this",general_politics,general_politics,27,9,18,5009,phone,adults,,political_typology;2017,structured_poll
PEW_20170709_044,Pew Research Center,https://www.people-press.org/wp-content/uploads/sites/4/2017/10/10-24-2017-typology-toplines-for-release.pdf,2017-07-09,agree,"And since the November presidential election, have you attended a political event, rally or organized protest, or have you not attended any of these types of events since then? ASK PHASE B IF ATTENDED SINCE NOV (Q.B54=1) [N=386]: And would you say this has been ? ]?",general_politics,general_politics,27,9,18,5009,phone,adults,,political_typology;2017,structured_poll
PEW_20170709_045,Pew Research Center,https://www.people-press.org/wp-content/uploads/sites/4/2017/10/10-24-2017-typology-toplines-for-release.pdf,2017-07-09,agree,"would [RANDOMIZE; KEEP IN SAME ORDER FOR BOTH ITEMS: put a strain on your friendship, make your friendship stronger] or would it not have any effect on your friendship? Put a strain Make friendship",general_politics,general_politics,27,9,18,5009,phone,adults,,political_typology;2017,structured_poll
PEW_20170709_046,Pew Research Center,https://www.people-press.org/wp-content/uploads/sites/4/2017/10/10-24-2017-typology-toplines-for-release.pdf,2017-07-09,agree,"REVERSE ORDER FOR HALF OF SAMPLE] The U.S. The U.S. is one of stands above the greatest countries There are other all other countries in the world, along countries better",general_politics,general_politics,8,18,-10,5009,phone,adults,,political_typology;2017,structured_poll
PEW_20170709_047,Pew Research Center,https://www.people-press.org/wp-content/uploads/sites/4/2017/10/10-24-2017-typology-toplines-for-release.pdf,2017-07-09,agree,"been getting warmer over the past few decades, or not? ASK PHASE A IF EARTH IS GETTING WARMER (Q.A77=1): [N=1,837]",foreign_policy,foreign_policy_general,27,16,11,5009,phone,adults,,political_typology;2017,structured_poll
PEW_20170709_048,Pew Research Center,https://www.people-press.org/wp-content/uploads/sites/4/2017/10/10-24-2017-typology-toplines-for-release.pdf,2017-07-09,agree,"been getting warmer over the past few decades, or not? ASK PHASE A IF EARTH IS NOT GETTING WARMER (Q.A77=2): [N=597] think it’s just not happening?",foreign_policy,foreign_policy_general,8,18,-10,5009,phone,adults,,political_typology;2017,structured_poll
PEW_20170709_049,Pew Research Center,https://www.people-press.org/wp-content/uploads/sites/4/2017/10/10-24-2017-typology-toplines-for-release.pdf,2017-07-09,agree,Which is the bigger problem for the country today? [RANDOMIZE OPTIONS] Jun 8-18 2017 People seeing discrimination where it really does NOT exist [OR] People not seeing discrimination where it really does exist Don’t know/Refused (VOL.) NO QUESTION 79,race_equality,race_equality,8,18,-10,5009,phone,adults,,political_typology;2017,structured_poll
PEW_20170709_050,Pew Research Center,https://www.people-press.org/wp-content/uploads/sites/4/2017/10/10-24-2017-typology-toplines-for-release.pdf,2017-07-09,agree,person or to let a guilty person go free? TREND FOR COMPARISON:,general_politics,general_politics,8,18,-10,5009,phone,adults,,political_typology;2017,structured_poll
PEW_20170709_051,Pew Research Center,https://www.people-press.org/wp-content/uploads/sites/4/2017/10/10-24-2017-typology-toplines-for-release.pdf,2017-07-09,agree,The Islamic religion is more likely than others to encourage violence among its believers The Islamic religion does not encourage violence more than others,crime_policing,crime_policing,8,18,-10,5009,phone,adults,,political_typology;2017,structured_poll
PEW_20170709_052,Pew Research Center,https://www.people-press.org/wp-content/uploads/sites/4/2017/10/10-24-2017-typology-toplines-for-release.pdf,2017-07-09,agree,PARTYLN As of today do you lean more to the Republican Party or more to the Democratic Party?,political_parties,parties_general,8,9,-1,5009,phone,adults,,political_typology;2017,structured_poll
PEW_20170709_053,Pew Research Center,https://www.people-press.org/wp-content/uploads/sites/4/2017/10/10-24-2017-typology-toplines-for-release.pdf,2017-07-09,right_track_wrong_track,"CB.1 All in all, are you satisfied or dissatisfied with the way things are going in your local community today?",general_outlook,right_track_wrong_track,15,21,-6,5009,phone,adults,,political_typology;2017,structured_poll
PEW_20170709_054,Pew Research Center,https://www.people-press.org/wp-content/uploads/sites/4/2017/10/10-24-2017-typology-toplines-for-release.pdf,2017-07-09,agree,"CB.4 Thinking now about different types of activities. For each of the following, please tell me if it is something you like a lot, like a little, dislike a little, or dislike a lot. First, [INSERT ITEM; RANDOMIZE]? How about [NEXT ITEM]? something you like a lot, like a little, dislike a little, or dislike a lot?] NET Like Like NET Dislike Dislike",general_politics,general_politics,15,21,-6,5009,phone,adults,,political_typology;2017,structured_poll
PEW_20170709_055,Pew Research Center,https://www.people-press.org/wp-content/uploads/sites/4/2017/10/10-24-2017-typology-toplines-for-release.pdf,2017-07-09,agree,"CB.9 The term “American Dream” can mean different things to different people. However you define it, do you believe … ? Fox News",media,media,15,21,-6,5009,phone,adults,,political_typology;2017,structured_poll
PEW_20170709_056,Pew Research Center,https://www.people-press.org/wp-content/uploads/sites/4/2017/10/10-24-2017-typology-toplines-for-release.pdf,2017-07-09,priority,"CB.10 I’m going to read you some ways people think about the American Dream, and for each one, tell me how important it is to your own view of the American Dream. First, [INSERT ITEM; RANDOMIZE] – is this essential, important but not essential, or not important to your own view of the American Dream? What about [NEXT ITEM]? Important, but Not",general_politics,general_politics,15,21,-6,5009,phone,adults,,political_typology;2017,structured_poll
PEW_20170709_057,Pew Research Center,https://www.people-press.org/wp-content/uploads/sites/4/2017/10/10-24-2017-typology-toplines-for-release.pdf,2017-07-09,agree,"CB.41 Do you currently have a valid United States passport, or not? CBS/NYT CBS/NYT CBS/NYT",general_politics,general_politics,15,21,-6,5009,phone,adults,,political_typology;2017,structured_poll
PEW_20170709_058,Pew Research Center,https://www.people-press.org/wp-content/uploads/sites/4/2017/10/10-24-2017-typology-toplines-for-release.pdf,2017-07-09,agree,OWNRENT Do you own or rent your home?,general_politics,general_politics,15,21,-6,5009,phone,adults,,political_typology;2017,structured_poll
PEW_20170709_059,Pew Research Center,https://www.people-press.org/wp-content/uploads/sites/4/2017/10/10-24-2017-typology-toplines-for-release.pdf,2017-07-09,agree,INVEST Do you have any money invested in the stock market – including retirement accounts like IRAs or 401ks – or not?,economy,economy_general,15,21,-6,5009,phone,adults,,political_typology;2017,structured_poll
PEW_20170709_060,Pew Research Center,https://www.people-press.org/wp-content/uploads/sites/4/2017/10/10-24-2017-typology-toplines-for-release.pdf,2017-07-09,agree,"CB.50 Do you have any major credit cards, or not? CBS News:",media,media,201,18,183,5009,phone,adults,,political_typology;2017,structured_poll
PEW_20170709_061,Pew Research Center,https://www.people-press.org/wp-content/uploads/sites/4/2017/10/10-24-2017-typology-toplines-for-release.pdf,2017-07-09,favor,"CB.71 In general, do you think affirmative action programs designed to increase the number of black and minority students on college campuses are a good thing or a bad thing?",race_equality,race_equality,15,21,-6,5009,phone,adults,,political_typology;2017,structured_poll
PEW_20170709_062,Pew Research Center,https://www.people-press.org/wp-content/uploads/sites/4/2017/10/10-24-2017-typology-toplines-for-release.pdf,2017-07-09,agree,"CB.82 From what you’ve read and heard, do you strongly support, somewhat support, somewhat oppose, or strongly oppose the Black Lives Matter movement? (SDT)",race_equality,race_equality,15,21,-6,5009,phone,adults,,political_typology;2017,structured_poll
PEW_20170709_063,Pew Research Center,https://www.people-press.org/wp-content/uploads/sites/4/2017/10/10-24-2017-typology-toplines-for-release.pdf,2017-07-09,agree,VET1 Have you or has anyone in your household ever served in the U.S. military or the military reserves? [IF YES: Is that you or someone else?],foreign_policy,foreign_policy_general,15,21,-6,5009,phone,adults,,political_typology;2017,structured_poll
PEW_20170709_064,Pew Research Center,https://www.people-press.org/wp-content/uploads/sites/4/2017/10/10-24-2017-typology-toplines-for-release.pdf,2017-07-09,agree,LABOR3 Have you or has your spouse ever been a member of a labor union?,general_politics,general_politics,15,21,-6,5009,phone,adults,,political_typology;2017,structured_poll
PEW_20170709_065,Pew Research Center,https://www.people-press.org/wp-content/uploads/sites/4/2017/10/10-24-2017-typology-toplines-for-release.pdf,2017-07-09,agree,"CB.92 Do you NOW smoke cigarettes every day, some days, or not at all?",general_politics,general_politics,15,21,-6,5009,phone,adults,,political_typology;2017,structured_poll
PEW_20170709_066,Pew Research Center,https://www.people-press.org/wp-content/uploads/sites/4/2017/10/10-24-2017-typology-toplines-for-release.pdf,2017-07-09,agree,"CB.93 Do you have a family member or close friend who is or has been addicted to drugs, or not?",general_politics,general_politics,15,21,-6,5009,phone,adults,,political_typology;2017,structured_poll
PEW_20210627_001,Pew Research Center,https://www.pewresearch.org/wp-content/uploads/sites/20/2021/11/PP_2021.11.09_political-typology_TOPLINE.pdf,2021-06-27,agree,"Which statement comes closer to your own view, even if neither is exactly right? Most people can be trusted You can’t be too careful in dealing with people No answer",government_role,trust_in_government,14,27,-13,10606,online_panel,adults,1.5,political_typology;2021,structured_poll
PEW_20210627_002,Pew Research Center,https://www.pewresearch.org/wp-content/uploads/sites/20/2021/11/PP_2021.11.09_political-typology_TOPLINE.pdf,2021-06-27,favor,"We'd like to get your feelings toward a number of groups in the U.S. on a “feeling thermometer.” A rating of zero degrees means you feel as cold and negative as possible. A rating of 100 degrees means you feel as warm and positive as possible. You would rate the group at 50 degrees if you don’t feel particularly positive or negative toward the group. [RANDOMIZE ITEMS] [Enter the number in the box between 0 and 100 that reflects your feelings] SOFT PROMPT TEXT: “Please enter the “degree” or number between 0 and 100 that reflects your feelings in the box. If you would like to skip, click Next.” PROGRAMMER NOTE: Also show Prompt if answer over 100 is entered. If after Prompt the answer is still over 100, record answer as is in the data and allow respondent to continue.",foreign_policy,foreign_policy_general,14,27,-13,10606,online_panel,adults,1.5,political_typology;2021,structured_poll
PEW_20210627_003,Pew Research Center,https://www.pewresearch.org/wp-content/uploads/sites/20/2021/11/PP_2021.11.09_political-typology_TOPLINE.pdf,2021-06-27,agree,"In general, would you say life in America today is better, worse, or about the same as it was 50 years ago for people like you? PHONE TREND FOR COMPARISON:",general_politics,general_politics,27,9,18,10606,online_panel,adults,1.5,political_typology;2021,structured_poll
PEW_20210627_004,Pew Research Center,https://www.pewresearch.org/wp-content/uploads/sites/20/2021/11/PP_2021.11.09_political-typology_TOPLINE.pdf,2021-06-27,agree,"Thinking about the Democratic and Republican parties, would you say there is… A great deal of difference in what they stand for A fair amount of difference in what they stand for Hardly any difference at all in what they stand for No answer",general_politics,general_politics,8,18,-10,10606,online_panel,adults,1.5,political_typology;2021,structured_poll
PEW_20210627_005,Pew Research Center,https://www.pewresearch.org/wp-content/uploads/sites/20/2021/11/PP_2021.11.09_political-typology_TOPLINE.pdf,2021-06-27,agree,"Which of these statements best describes your opinion about the United States? [RANDOMIZE RESPONSE OPTIONS 1-3 OR 3-1] The U.S. stands above all other countries in the world The U.S. is one of the greatest countries in the world, along with some others There are other countries that are better than the U.S. No answer",general_politics,general_politics,8,18,-10,10606,online_panel,adults,1.5,political_typology;2021,structured_poll
PEW_20210627_006,Pew Research Center,https://www.pewresearch.org/wp-content/uploads/sites/20/2021/11/PP_2021.11.09_political-typology_TOPLINE.pdf,2021-06-27,agree,The economic system in this country unfairly favors powerful interests The economic system in this country is generally fair to most Americans No answer,economy,economy_general,8,18,-10,10606,online_panel,adults,1.5,political_typology;2021,structured_poll
PEW_20210627_007,Pew Research Center,https://www.pewresearch.org/wp-content/uploads/sites/20/2021/11/PP_2021.11.09_political-typology_TOPLINE.pdf,2021-06-27,agree,"America’s openness to people from all over the world is essential to who we are as a nation If America is too open to people from all over the world, we risk losing our identity as a nation No answer",general_politics,general_politics,8,18,-10,10606,online_panel,adults,1.5,political_typology;2021,structured_poll
PEW_20210627_008,Pew Research Center,https://www.pewresearch.org/wp-content/uploads/sites/20/2021/11/PP_2021.11.09_political-typology_TOPLINE.pdf,2021-06-27,agree,Government is almost always wasteful and inefficient Government often does a better job than people give it credit for No answer,government_role,government_efficiency,8,18,-10,10606,online_panel,adults,1.5,political_typology;2021,structured_poll
PEW_20210627_009,Pew Research Center,https://www.pewresearch.org/wp-content/uploads/sites/20/2021/11/PP_2021.11.09_political-typology_TOPLINE.pdf,2021-06-27,agree,"Compromise in politics is really just selling out on what you believe in Compromise is how things get done in politics, even though it sometimes means sacrificing your beliefs No answer",political_engagement,political_engagement,8,18,-10,10606,online_panel,adults,1.5,political_typology;2021,structured_poll
PEW_20210627_010,Pew Research Center,https://www.pewresearch.org/wp-content/uploads/sites/20/2021/11/PP_2021.11.09_political-typology_TOPLINE.pdf,2021-06-27,agree,"Which statement comes closer to your own views — even if neither is exactly right? ASK IF “CHILDREN WITH TWO PARENTS ARE BETTER OFF” (PAR2CHILD=1) [N=5,654]: PAR2CHILDa If one parent is able to stay home to focus on the family, is it generally better if that parent is the... [RANDOMIZE OPTIONS 1 AND 2, WITH OPTION 3 ALWAYS LAST]",general_politics,general_politics,0,24,-24,10606,online_panel,adults,1.5,political_typology;2021,structured_poll
PEW_20210627_011,Pew Research Center,https://www.pewresearch.org/wp-content/uploads/sites/20/2021/11/PP_2021.11.09_political-typology_TOPLINE.pdf,2021-06-27,agree,"In the future, do you think... [RANDOMIZE] U.S. policies should try to keep it so America is the only military superpower It would be acceptable if another country became as militarily powerful as the U.S. No answer",foreign_policy,foreign_policy_general,8,18,-10,10606,online_panel,adults,1.5,political_typology;2021,structured_poll
PEW_20210627_012,Pew Research Center,https://www.pewresearch.org/wp-content/uploads/sites/20/2021/11/PP_2021.11.09_political-typology_TOPLINE.pdf,2021-06-27,agree,Should the government… [RANDOMIZE],government_role,government_general,3,15,-12,10606,online_panel,adults,1.5,political_typology;2021,structured_poll
PEW_20210627_013,Pew Research Center,https://www.pewresearch.org/wp-content/uploads/sites/20/2021/11/PP_2021.11.09_political-typology_TOPLINE.pdf,2021-06-27,agree,"In general, do you think people in influential and powerful positions throughout our society understand the challenges people like you face in their daily lives…",general_politics,general_politics,8,18,-10,10606,online_panel,adults,1.5,political_typology;2021,structured_poll
PEW_20210627_014,Pew Research Center,https://www.pewresearch.org/wp-content/uploads/sites/20/2021/11/PP_2021.11.09_political-typology_TOPLINE.pdf,2021-06-27,agree,Greater social acceptance of people who are transgender (people who identify as a gender that is different from the sex they were assigned at birth),lgbt_rights,transgender_rights,8,18,-10,10606,online_panel,adults,1.5,political_typology;2021,structured_poll
PEW_20210627_015,Pew Research Center,https://www.pewresearch.org/wp-content/uploads/sites/20/2021/11/PP_2021.11.09_political-typology_TOPLINE.pdf,2021-06-27,agree,Good-paying jobs requiring a college degree more often than they used to,economy,jobs,8,18,-10,10606,online_panel,adults,1.5,political_typology;2021,structured_poll
PEW_20210627_016,Pew Research Center,https://www.pewresearch.org/wp-content/uploads/sites/20/2021/11/PP_2021.11.09_political-typology_TOPLINE.pdf,2021-06-27,agree,An increase in the number of guns in the U.S.,gun_policy,gun_policy,8,18,-10,10606,online_panel,adults,1.5,political_typology;2021,structured_poll
PEW_20210627_017,Pew Research Center,https://www.pewresearch.org/wp-content/uploads/sites/20/2021/11/PP_2021.11.09_political-typology_TOPLINE.pdf,2021-06-27,concern,"How much of a problem, if any, would you say each of the following are in the country today? [ALWAYS ASK ITEMS IN THIS ORDER ON SAME PAGE] Major problem Minor problem Not a problem No answer a. People being too easily offended by things others say",general_outlook,right_track_wrong_track,8,18,-10,10606,online_panel,adults,1.5,political_typology;2021,structured_poll
PEW_20210627_018,Pew Research Center,https://www.pewresearch.org/wp-content/uploads/sites/20/2021/11/PP_2021.11.09_political-typology_TOPLINE.pdf,2021-06-27,priority,Society is better off if people make marriage and having children a priority Society is just as well off if people have priorities other than marriage and children No answer,priorities,priorities,8,18,-10,10606,online_panel,adults,1.5,political_typology;2021,structured_poll
PEW_20210627_019,Pew Research Center,https://www.pewresearch.org/wp-content/uploads/sites/20/2021/11/PP_2021.11.09_political-typology_TOPLINE.pdf,2021-06-27,agree,It’s not the government’s job to protect people from themselves Sometimes laws to protect people from themselves are necessary No answer,government_role,government_general,8,18,-10,10606,online_panel,adults,1.5,political_typology;2021,structured_poll
PEW_20210627_020,Pew Research Center,https://www.pewresearch.org/wp-content/uploads/sites/20/2021/11/PP_2021.11.09_political-typology_TOPLINE.pdf,2021-06-27,agree,Religion should be kept separate from government policies Government policies should support religious values and beliefs No answer,government_role,government_general,8,18,-10,10606,online_panel,adults,1.5,political_typology;2021,structured_poll
PEW_20210627_021,Pew Research Center,https://www.pewresearch.org/wp-content/uploads/sites/20/2021/11/PP_2021.11.09_political-typology_TOPLINE.pdf,2021-06-27,agree,Some say people are rich mostly because they had more advantages in life than other people. Others say people are rich mostly because they worked harder than other people. And some feel it is a combination of these factors. Where would you place yourself on this scale? [REVERSE ORDER FOR HALF BY FORM],general_politics,general_politics,6,19,-13,10606,online_panel,adults,1.5,political_typology;2021,structured_poll
PEW_20210627_022,Pew Research Center,https://www.pewresearch.org/wp-content/uploads/sites/20/2021/11/PP_2021.11.09_political-typology_TOPLINE.pdf,2021-06-27,agree,People like me just don’t get the respect we deserve in this country People like me generally get the respect we deserve in this country No answer,general_politics,general_politics,8,18,-10,10606,online_panel,adults,1.5,political_typology;2021,structured_poll
PEW_20210627_023,Pew Research Center,https://www.pewresearch.org/wp-content/uploads/sites/20/2021/11/PP_2021.11.09_political-typology_TOPLINE.pdf,2021-06-27,agree,How well does the REPUBLICAN PARTY represent the interests of people like you?,political_parties,parties_general,12,17,-5,10606,online_panel,adults,1.5,political_typology;2021,structured_poll
PEW_20210627_024,Pew Research Center,https://www.pewresearch.org/wp-content/uploads/sites/20/2021/11/PP_2021.11.09_political-typology_TOPLINE.pdf,2021-06-27,agree,"Which of the following statements comes closer to your own view – even if neither is exactly right? EXCPWER PHONE TREND FOR COMPARISON: As I read some pairs of statements, please tell me whether the FIRST statement or the SECOND statement comes closer to your own views — even if neither is exactly right. The first pair is . Voting gives people like me some say about how government runs things Voting by people like me doesn’t really affect how government runs things No answer",government_role,government_general,23,29,-6,10606,online_panel,adults,1.5,political_typology;2021,structured_poll
PEW_20210627_025,Pew Research Center,https://www.pewresearch.org/wp-content/uploads/sites/20/2021/11/PP_2021.11.09_political-typology_TOPLINE.pdf,2021-06-27,concern,"As of today do you lean more to…14 Something No Lean Lean Republican Democrat Independent else answer Rep Dem 27 31 27 13 2 17 20 12 In February 2017, item was asked as a standalone question. 13 In August 2016, the first statement read: “Many of the country’s problems could be dealt with more effectively if U.S. presidents didn’t have to worry so much about Congress or the Supreme Court.” 14 Party and Partyln asked in a prior survey. EXCPWER continued… Many of the country’s problems could be dealt with more effectively if U.S. presidents didn’t have to worry so much about Congress or the courts It would be too risky to give U.S. presidents more power to deal directly with many of the country’s problems (VOL.) Both/Neither/ DK/Ref",general_politics,general_politics,7,14,-7,10606,online_panel,adults,1.5,political_typology;2021,structured_poll
PEW_20210627_026,Pew Research Center,https://www.pewresearch.org/wp-content/uploads/sites/20/2021/11/PP_2021.11.09_political-typology_TOPLINE.pdf,2021-06-27,priority,"Regardless of how much time you spend doing it, how important, if at all, are each of the following to you personally? [RANDOMIZE ITEMS; SPLIT OVER TWO SCREENS] One of the most important things Very important but not the most important Somewhat important Not important No answer a. Practicing your religious faith",religion,religion,13,19,-6,10606,online_panel,adults,1.5,political_typology;2021,structured_poll
PEW_20210627_027,Pew Research Center,https://www.pewresearch.org/wp-content/uploads/sites/20/2021/11/PP_2021.11.09_political-typology_TOPLINE.pdf,2021-06-27,agree,"As of TODAY, do you lean more to… [RANDOMIZE RESPONSE OPTIONS 1 AND 2 IN THE SAME ORDER AS CONG] BASED ON REGISTERED VOTERS [N=8,957]:",general_politics,general_politics,3,27,-24,10606,online_panel,adults,1.5,political_typology;2021,structured_poll
PEW_20210627_028,Pew Research Center,https://www.pewresearch.org/wp-content/uploads/sites/20/2021/11/PP_2021.11.09_political-typology_TOPLINE.pdf,2021-06-27,agree,"Have you lived in or near this community your entire life, or have you lived in other places?",general_politics,general_politics,26,11,15,10606,online_panel,adults,1.5,political_typology;2021,structured_poll
PEW_20210627_029,Pew Research Center,https://www.pewresearch.org/wp-content/uploads/sites/20/2021/11/PP_2021.11.09_political-typology_TOPLINE.pdf,2021-06-27,agree,"Thinking about the way things have been going in politics over the last few years on the issues that matter to you, would you say your side has been...",general_politics,general_politics,4,15,-11,10606,online_panel,adults,1.5,political_typology;2021,structured_poll
PEW_20210627_030,Pew Research Center,https://www.pewresearch.org/wp-content/uploads/sites/20/2021/11/PP_2021.11.09_political-typology_TOPLINE.pdf,2021-06-27,agree,"Does the REPUBLICAN PARTY make you feel… [RANDOMIZE—KEEP IN SAME ORDER AS EMTDEM] Yes, makes me feel this way No, does not make me feel this way No Answer a. Frustrated",political_parties,parties_general,13,19,-6,10606,online_panel,adults,1.5,political_typology;2021,structured_poll
PEW_20210627_031,Pew Research Center,https://www.pewresearch.org/wp-content/uploads/sites/20/2021/11/PP_2021.11.09_political-typology_TOPLINE.pdf,2021-06-27,agree,Which president would you name as the second best president of the last 40 years? [SHOW IN SAME ORDER AS BESTPRES; REMOVE THE OPTION CHOSEN IN BESTPRES],general_politics,general_politics,13,19,-6,10606,online_panel,adults,1.5,political_typology;2021,structured_poll
PEW_20210627_032,Pew Research Center,https://www.pewresearch.org/wp-content/uploads/sites/20/2021/11/PP_2021.11.09_political-typology_TOPLINE.pdf,2021-06-27,agree,Please indicate how much you like or dislike each of the following characteristics of political leaders. [RANDOMIZE ITEMS; REVERSE ORDER OF RESPONSE OPTIONS 1-5 AND 5- 1 FOR RANDOM ½ SAMPLE] Dislike a lot Dislike a little Neither like nor dislike Like a little Like a lot No answer a. Publicly asserts that Donald Trump is the legitimate winner of the 2020 election,general_politics,general_politics,13,19,-6,10606,online_panel,adults,1.5,political_typology;2021,structured_poll
PEW_20210627_033,Pew Research Center,https://www.pewresearch.org/wp-content/uploads/sites/20/2021/11/PP_2021.11.09_political-typology_TOPLINE.pdf,2021-06-27,agree,"Do you have any of the following types of savings or investment accounts? [RANDOMIZE ITEMS a AND b WITH ITEM c ALWAYS LAST] Yes, have this No, do not have this No answer a. A savings account",general_politics,general_politics,13,19,-6,10606,online_panel,adults,1.5,political_typology;2021,structured_poll
