year,state,measure,topic,yes_pct,no_pct,outcome
2024,Alabama,Legislature,Failed,Amendment 1,Exempts local laws or local constitutional amendments from the budget isolation resolution process.,Failed
2024,California,Legislature,Approved,Proposition 1,Reforms the Mental Health Services Act and issues $6.38 billion in bonds for homeless individuals an,Approved
2024,Wisconsin,Legislature,Approved,Question 1,Prohibits governments in the state from applying or accepting non-governmental funds or equipment fo,Approved
2024,Legislature,Approved,Question 2,Mandates that only election officials may administer elections.,Apr 2,Approved
2024,North Dakota,Citizens,Approved,Initiated Measure 1,Creates an age limit of 81 for congressional officeholders.,Approved
2024,Missouri,Legislature,Failed,Amendment 1,Exempts childcare facilities from property taxes.,Failed
2024,Legislature,Approved,Amendment 4,Allows the legislature to increase minimum funding for a police force established by a state board o,Aug 6,Approved
2024,Wisconsin,Legislature,Failed,Question 1,Prohibits the legislature from delegating its power to appropriate money.,Failed
2024,Legislature,Failed,Question 2,Requires legislative approval before the governor can expend federal money appropriated to the state,Aug 13,Failed
2024,Alabama,Legislature,Approved,Amendment 1,Transfers control of land to the Franklin County Board of Education.,Approved
2024,Alaska,Citizens,Approved,Measure 1,Increases the minimum wage to $15/hr (currently $11.73/hr) by July 2027; provides 40–56 hours of pai,Approved
2024,Citizens,Failed,Measure 2,Repeal Alaska's electoral system of ranked-choice ( instant-runoff ) voting and nonpartisan blanket ,Nov 5,Failed
2024,Arizona,Legislature,Failed,Proposition 133,Require partisan primary elections for partisan offices and prohibit primary elections where all can,Failed
2024,Legislature,Failed,Proposition 134,establishing a signature distribution requirement for citizen initiatives requiring signatures from ,Nov 5,Failed
2024,Legislature,Failed,Proposition 135,Allow the legislature to terminate a state of emergency or change the emergency powers granted to th,Nov 5,Failed
2024,Legislature,Failed,Proposition 136,Authorize a person to bring forth a lawsuit to stop a voter-proposed initiative from being placed on,Nov 5,Failed
2024,Legislature,Failed,Proposition 137,End term limits for state supreme court justices and superior court judges; provide that justices ca,Nov 5,Failed
2024,Legislature,Failed,Proposition 138,Allow for tipped workers to be paid 25% less per hour than the minimum wage if any tips received by ,Nov 5,Failed
2024,Citizens,Approved,Proposition 139,Enshrines abortion until fetal viability or to protect health of the mother,Nov 5,Approved
2024,Citizens,Failed,Proposition 140,"Require primaries in which candidates, regardless of partisan affiliation, appear on a single ballot",Nov 5,Failed
2024,Legislature,Approved,Proposition 311,"Establish a $20 fee on every conviction for a criminal offense, which would go to pay a benefit of $",Nov 5,Approved
2024,Legislature,Approved,Proposition 312,Allow for property owners to apply for a property tax refund if the city or locality in which the pr,Nov 5,Approved
2024,Legislature,Approved,Proposition 313,Require that anyone convicted of child sex trafficking be sentenced to life in prison without the po,Nov 5,Approved
2024,Legislature,Approved,Proposition 314,Make it a state crime for noncitizens to enter the state at any location other than the port of entr,Nov 5,Approved
2024,Legislature,Failed,Proposition 315,Prohibit a proposed rule from becoming effective if that rule is estimated to increase regulatory co,Nov 5,Failed
2024,Arkansas,Legislature,Approved,Issue 1,Allow proceeds from the state lottery to fund scholarships and grants for vocational-technical schoo,Approved
2024,Citizens,Approved,Issue 2,Repeal the authorization for a casino license in Pope County and requiring countywide voter approval,Aug 6,Approved
2024,California,Bond Issue,Approved,Proposition 2,Issue $10 billion in bonds to fund construction and modernization of public education facilities.,Approved
2024,Legislature,Approved,Proposition 3,Repeal Proposition 8 and the states Constitutional Amendment against same-sex marriage by declaring ,Nov 5,Approved
2024,Bond Issue,Approved,Proposition 4,"Issue $10 billion in bonds to fund state and local parks, environmental protection projects, water i",Nov 5,Approved
2024,Legislature,Failed,Proposition 5,Measure to lower the vote threshold from two-thirds (66.67%) to 55% for local bond measures to fund ,Nov 5,Failed
2024,Legislature,Failed,Proposition 6,Eliminate the Constitutional provision permitting the use of involuntary servitude against incarcera,Nov 5,Failed
2024,Citizens,Failed,Proposition 32,Increase the state minimum wage to $18 per hour by 2026 for all employers and thereafter adjusting t,Nov 5,Failed
2024,Citizens,Failed,Proposition 33,"Repeals the Costa–Hawkins Rental Housing Act , allowing cities to once again establish their own ren",Nov 5,Failed
2024,Citizens,Approved,Proposition 34,Requires health care providers that have spent over $100 million in any 10-year period on anything o,Nov 5,Approved
2024,Citizens,Approved,Proposition 35,"Makes permanent the existing tax on managed health care insurance plans, currently set to expire in ",Nov 5,Approved
2024,Citizens,Approved,Proposition 36,Increase the penalties and sentences for certain drug and theft crimes from being only chargeable as,Nov 5,Approved
2024,Colorado,Citizens,Approved,Amendment 79,Enshrines abortion in the Colorado Constitution and allows the use of public funds for abortion heal,Approved
2024,Citizens,Failed,Amendment 80,"Defines school choice and enshrines in the state's constitution that ""each K-12 child has the right ",Nov 5,Failed
2024,Legislature,Approved,Amendment G,Expand the property tax exemption for veterans with a disability to include veterans with individual,Nov 5,Approved
2024,Legislature,Approved,Amendment H,"Create a new board, called the Independent Judicial Discipline Adjudicative Board, and create rules ",Nov 5,Approved
2024,Legislature,Approved,Amendment I,Remove the right to bail in cases of first-degree murder when the proof is evident or the presumptio,Nov 5,Approved
2024,Legislature,Approved,Amendment J,Repeal Amendment 43 and the state's Constitutional Amendment against same-sex marriage .,Nov 5,Approved
2024,Legislature,Failed,Amendment K,"Change the signature deadline for initiative and referendum signature gathering, thereby shorting th",Nov 5,Failed
2024,Citizens,Failed,Proposition 127,"Prohibit the hunting of mountain lions , bobcats , and lynxes",Nov 5,Failed
2024,Citizens,Approved,Proposition 128,Requires any individual convicted of a violent felony offense to serve 85% of their sentence before ,Nov 5,Approved
2024,Citizens,Approved,Proposition 129,"Create a new profession, the veterinary professional associate, that requires a master's degree and ",Nov 5,Approved
2024,Citizens,Approved,Proposition 130,"Create the Peace Officer Training and Support Fund to provide funding for law enforcement training, ",Nov 5,Approved
2024,Citizens,Failed,Proposition 131,Establish top-four primaries and ranked-choice voting for federal and state offices in Colorado,Nov 5,Failed
2024,Legislature,Approved,Proposition JJ,Allow the state to retain tax revenue collected above $29 million annually from the tax on sports be,Nov 5,Approved
2024,Legislature,Approved,Proposition KK,Levy a 6.5% excise tax on the manufacture and sale of firearms and ammunition to be imposed on firea,Nov 5,Approved
2024,Connecticut,Legislature,Approved,Connecticut No-Excuse Absentee Voting Amendment,"Authorize the Connecticut State Legislature to provide by law for no-excuse absentee voting , thereb",Approved
2024,District of Columbia,Citizens,Approved,Initiative 83,Allows independent voters to participate in partisan primaries and implements ranked-choice voting.,Approved
2024,Florida,Legislature,Failed,Amendment 1,Make school board elections partisan beginning in the November 2026 general election and for primary,Failed
2024,Legislature,Approved,Amendment 2,Establish a constitutional right to hunt and fish in Florida.,Nov 5,Approved
2024,Citizens,Failed,Amendment 3,Legalize marijuana for adults 21 years old and older and allow for individuals to possess up to thre,Nov 5,Failed
2024,Citizens,Failed,Amendment 4,Enshrines abortion until fetal viability or to protect health of the mother,Nov 5,Failed
2024,Legislature,Approved,Amendment 5,Apply an annual inflation adjustment to the amount of assessed value that is exempt from property ta,Nov 5,Approved
2024,Legislature,Failed,Amendment 6,Repeal the state constitutional provision that provides for public financing of campaigns for those ,Nov 5,Failed
2024,Georgia,Legislature,Approved,Amendment 1,"Provide for a local option homestead property tax exemption and allowing a county, municipality, or ",Approved
2024,Legislature,Approved,Amendment 2,Create the Georgia Tax Court to have concurrent jurisdiction with superior courts.,Nov 5,Approved
2024,Legislature,Approved,Referendum A,"Increase the personal property tax exemption from $7,500 to $20,000.",Nov 5,Approved
2024,Hawaii,Legislature,Approved,Amendment 1,Repeal Amendment 2 and the Legislature's ability reserve marriage to opposite-sex couples.,Approved
2024,Legislature,Approved,Amendment 2,Change the process for appointing and confirming district court judges to be the same as that used f,Nov 5,Approved
2024,Idaho,Legislature,Passed,Citizenship Requirement for Voting,Prohibits state and local governments from allowing non-citizens to vote.,Passed
2024,Citizens,Failed,Proposition 1,Implements a top-four nonpartisan blanket primary; with ranked-choice voting for the general electio,"269,959 30.38%",Failed
2024,Illinois,Advisory question,Approved,Illinois Assisted Reproductive Healthcare Advisory Question,"Advise state officials to provide for medically assisted reproductive treatments, including in vitro",Approved
2024,Advisory Question,Approved,Illinois Income Tax Advisory Question,Advise state officials to amend the Illinois Constitution to create an additional 3% tax on income g,Nov 5,Approved
2024,Advisory Question,Approved,Illinois Penalties for Candidate Interference with Election Worker's Duties Advisory Question,Advise state officials to establish civil penalties if a candidate interferes or attempts to interfe,Nov 5,Approved
2024,Iowa,Legislature,Approved,Amendment 1,"Prohibits state and local governments from allowing non-citizens to vote, and would allow some 17-ye",Approved
2024,Legislature,Approved,Amendment 2,"Provide so that, if the governor dies, resigns, or is removed from office, the lieutenant governor w",Nov 5,Approved
2024,Kentucky,Legislature,Passed,Amendment 1,Prohibits state and local governments from allowing non-citizens to vote.,Passed
2024,Legislature,Failed,Amendment 2,Enable the General Assembly to provide state funding to students outside of public schools.,Nov 5,Failed
2024,Louisiana,Legislature,Approved,Louisiana Outer Continental Shelf Revenues for Coastal Protection and Restoration Fund Amendment,Require federal revenue received from alternative and renewable energy production in the Outer Conti,Approved
2024,Maine,Citizens,Approved,Question 1,"Limit the amount of campaign contributions to $5,000 from individuals and entities to political acti",Approved
2024,Bond Issue,Approved,Question 2,"Authorize $25 million in general obligation bonds to the Maine Technology Institute for research, de",Nov 5,Approved
2024,Bond Issue,Approved,Question 3,Authorize $10 million in general obligation bonds for the restoration of local community buildings.,Nov 5,Approved
2024,Bond Issue,Approved,Question 4,Authorize $30 million in general obligation bonds for the development and maintenance of outdoor tra,Nov 5,Approved
2024,Legislature,Failed,Question 5,Replace the existing state flag with a flag consisting of a pine tree and the North Star on a buff (,Nov 5,Failed
2024,Maryland,Legislature,Approved,Question 1,Enshrines abortion in the Maryland Constitution,Approved
2024,Massachusetts,Citizens,Approved,Question 1,"Explicitly authorize the state auditor to audit the accounts, programs, activities, and functions of",Approved
2024,Citizens,Approved,Question 2,Repeal the requirement that students must achieve a certain competency level on the Massachusetts Co,Nov 5,Approved
2024,Citizens,Approved,Question 3,"Provide for unionizing and collective bargaining for transportation network drivers, require the sta",Nov 5,Approved
2024,Citizens,Failed,Question 4,"Allow persons 21 years of age or older to grow, possess, and use natural psychedelic substances , as",Nov 5,Failed
2024,Citizens,Failed,Question 5,Gradually increase the wage of tipped employees until it meets the state minimum wage in 2029 and co,Nov 5,Failed
2024,Minnesota,Legislature,Approved,Minnesota Amendment 1,Extend the dedication of revenue from the state-operated lottery to the Environment and Natural Reso,Approved
2024,Missouri,Citizens,Approved,Amendment 2,Legalize and regulating sports wagering in Missouri.,Approved
2024,Citizens,Approved,Amendment 3,Enshrines abortion until fetal viability,Nov 5,Approved
2024,Citizens,Failed,Amendment 5,Allow the Missouri Gaming Commission to issue one additional gambling boat license to operate on the,Nov 5,Failed
2024,Legislature,Failed,Amendment 6,Amend the Missouri Constitution to define the administration of justice to include the levying of co,Nov 5,Failed
2024,Legislature,Approved,Amendment 7,"Prohibits state and local governments from allowing non-citizens to vote, and ban ranked-choice voti",Nov 5,Approved
2024,Legislature,Approved,Proposition A,"Establish a $13.75 per hour minimum wage by 2025, which would be increased by $1.25 per hour each ye",Nov 5,Approved
2024,Montana,Citizens,Failed,CI-126,Establish top-four primaries for federal and state offices in Montana,Failed
2024,Citizens,Failed,CI-127,"Require an electoral system in which candidates for certain offices must win a majority of the vote,",Nov 5,Failed
2024,Citizens,Approved,CI-128,Enshrines abortion until fetal viability or to protect health of the mother,Nov 5,Approved
2024,Nebraska,Citizens,Approved,Initiative 434,Prohibits abortion after the first trimester,Approved
2024,Citizens,Approved,Initiative 436,Require Nebraska businesses to offer earned paid sick leave for employees—up to seven days for busin,Nov 5,Approved
2024,Citizens,Approved,Initiative 437,Establish the Nebraska Medical Cannabis Commission to regulate the state's medical marijuana program,Nov 5,Approved
2024,Citizens,Approved,Initiative 438,Legalize the medical use of marijuana in the state,Nov 5,Approved
2024,Citizens,Failed,Initiative 439,Enshrines abortion until fetal viability,Nov 5,Failed
2024,Citizens,Failed,Referendum 435,"Uphold Legislative Bill 1402, which authorizes the state treasurer to administer an education schola",Nov 5,Failed
2024,Nevada,Legislature,Failed,Question 1,"Remove the constitutional status of the Board of Regents—which governs, controls, and manages the st",Failed
2024,Legislature,Approved,Question 2,Revise language in the state constitution related to public entities that benefit individuals with m,Nov 5,Approved
2024,Citizens,Failed,Question 3,Establish top-five primaries and ranked-choice voting for federal and state offices in Nevada,Nov 5,Failed
2024,Citizens,Approved,Question 4,Remove Language in the Nevada State Constitution permitting the use of slavery and involuntary servi,Nov 5,Approved
2024,Legislature,Approved,Question 5,Amend the Sales and Use Tax of 1955 to provide a sales tax exemption for child and adult diapers .,Nov 5,Approved
2024,Citizens,Approved,Question 6,Enshrines abortion until fetal viability or to protect health of the mother,Nov 5,Approved
2024,Citizens,Approved,Question 7,Amend the constitution to require that Nevada residents present a form of photo identification to ve,Nov 5,Approved
2024,New Hampshire,Legislature,Failed,New Hampshire Increase Mandatory Retirement Age for Judges Amendment,Increase the mandatory judicial retirement age from 70 to 75.,Failed
2024,New Mexico,Bond Issue,Approved,Bond Question 1,"Authorize the state to issue $30,758,100 in bonds to fund senior citizens' facilities.",Approved
2024,Bond Issue,Approved,Bond Question 2,"Authorize the state to issue $19,305,000 in bonds to fund public libraries .",Nov 5,Approved
2024,Bond Issue,Approved,Bond Question 3,Authorize the state to issue $230.26 million in bonds to fund capital improvements and acquisitions ,Nov 5,Approved
2024,Bond Issue,Approved,Bond Question 4,"Authorize the state to issue $10,297,100 in bonds to modernize public safety radio communications sy",Nov 5,Approved
2024,Legislature,Approved,Amendment 1,Amend the state constitution to extend the disabled veteran property tax exemption to all disabled v,Nov 5,Approved
2024,Legislature,Approved,Amendment 2,"Amend the state constitution to increase the property tax exemption for veterans from $4,000 to $10,",Nov 5,Approved
2024,Legislature,Approved,Amendment 3,Authorize a designee of the dean of the University of New Mexico Law School to serve as chair of the,Nov 5,Approved
2024,Legislature,Approved,Amendment 4,Amend the state constitution to authorize the board of county commissioners to set salaries for coun,Nov 5,Approved
2024,New York,Legislature,Approved,Proposal 1,"Prohibit a person's rights from being denied based on the person's reproductive choices, among other",Approved
2024,North Carolina,Legislature,Approved,Citizenship Requirement for Voting Amendment,Prohibit the state and local governments from allowing noncitizens to vote,Approved
2024,North Dakota,Legislature,Approved,Measure 1,Amend language used in the state constitution to describe certain state institutions such as changin,Approved
2024,Legislature,Failed,Measure 2,"Establish a single-subject rule for initiatives (both statutory and constitutional), as determined b",Nov 5,Failed
2024,Legislature,Approved,Measure 3,"Decrease the amount of money that can be expended from the state legacy fund, a fund that receives 3",Nov 5,Approved
2024,Citizens,Failed,Measure 4,Prohibit the state and local governments from levying taxes on the assessed value of any real or per,Nov 5,Failed
2024,Citizens,Failed,Measure 5,"Legalize recreational marijuana , allowing individuals to possess up to 1 oz of marijuana, 4g of con",Nov 5,Failed
2024,Ohio,Citizens,Failed,Issue 1,"Establish the Ohio Citizens Redistricting Commission (CRC), a 15-member non-politician commission re",Failed
2024,Oklahoma,Legislature,Failed,Question 833,Allows municipalities to create infrastructure districts with the ability to issue bonds,Failed
2024,Legislature,Approved,Question 834,Prohibits the state and local governments from allowing noncitizens to vote,Nov 5,Approved
2024,Oregon,Legislature,Approved,Measure 115,"Allow the Oregon State Legislature to impeach and remove elected state executives, including the gov",Approved
2024,Legislature,Failed,Measure 116,Establish the Independent Public Service Compensation Commission to determine certain public officia,Nov 5,Failed
2024,Legislature,Failed,Measure 117,Establish ranked-choice voting for federal and state offices in Oregon,Nov 5,Failed
2024,Citizens,Failed,Measure 118,"Increase the corporate minimum tax on sales exceeding $25 million by 3%, removing the minimum tax ca",Nov 5,Failed
2024,Citizens,Approved,Measure 119,Require cannabis businesses to submit to the Oregon Liquor and Cannabis Commission a signed labor pe,Nov 5,Approved
2024,Rhode Island,Legislature,Failed,Question 1,Hold a state constitutional convention,Failed
2024,Bond Issue,Approved,Question 2,"Issue $160.5 million in bonds for improvements to higher education facilities, with $87.5 million go",Nov 5,Approved
2024,Bond Issue,Approved,Question 3,Issue $120 million in bonds to increase the availability of housing in the state.,Nov 5,Approved
2024,Bond Issue,Approved,Question 4,"Issue $53 million in bonds for environmental-related infrastructure, local recreation projects, and ",Nov 5,Approved
2024,Bond Issue,Approved,Question 4,Issue $10 million in bonds for funding for 1:1 matching grants to continue the Cultural Arts and Eco,Nov 5,Approved
2024,South Carolina,Legislature,Approved,Amendment 1,Prohibits the state and local governments from allowing noncitizens to vote.,Approved
2024,South Dakota,Legislature,Failed,Amendment E,Amend the text of the South Dakota Constitution to change male pronouns to gender-neutral terms or t,Failed
2024,Legislature,Approved,Amendment F,Amend the South Dakota Constitution to provide that the state may impose a work requirement on eligi,Nov 5,Approved
2024,Citizens,Failed,Amendment G,"Enshrines abortion during the first trimester, with limits on regulation during the second trimester",Nov 5,Failed
2024,Citizens,Failed,Amendment H,"Establish top-two primaries for federal, state, and certain local offices in South Dakota",Nov 5,Failed
2024,Citizens,Failed,Measure 28,"Prohibit state sales taxes on anything sold for human consumption, not including alcoholic beverages",Nov 5,Failed
2024,Citizens,Failed,Measure 29,"Legalize the recreational use, possession, and distribution of marijuana .",Nov 5,Failed
2024,Veto Referendum,Failed,South Dakota Referred Law 21,"Uphold Senate Bill 201, which provides statutory requirements for regulating carbon dioxide pipeline",Nov 5,Failed
2024,Utah,Legislature,Approved,Amendment B,Increase the limit on annual distributions from the State School Fund for public education from 4% t,Approved
2024,Legislature,Approved,Amendment C,Establish in the state constitution that every county shall elect a sheriff to serve for four-year t,Nov 5,Approved
2024,Virginia,Legislature,Approved,Virginia Property Tax Exemption for Veterans and Surviving Spouses Amendment,Amend language in the Virginia Constitution regarding property tax exemptions for veterans and survi,Approved
2024,Washington,Citizens,Approved,Initiative 2066,"Prohibit state and local governments from restricting access to natural gas , prohibit the state bui",Approved
2024,Citizens,Failed,Initiative 2109,Repeal the capital gains excise tax imposed on long-term capital assets by individuals with capital ,Nov 5,Failed
2024,Citizens,Failed,Initiative 2117,Prohibit any state agencies from implementing a cap and trade or cap and tax program and repeal the ,Nov 5,Failed
2024,Citizens,Failed,Initiative 2124,Allow employees and self-employed individuals to opt out of paying the payroll tax and receiving ben,Nov 5,Failed
2024,West Virginia,Legislature,Approved,Amendment 1,"Amend the West Virginia Constitution to prohibit people from participating in ""the practice of medic",Approved
2024,Wisconsin,Legislature,Approved,Citizenship Voting Requirement Amendment,Prohibit the state and local governments from allowing noncitizens to vote,Approved
2024,Wyoming,Legislature,Approved,Amendment A,Separates residential property into its own class for purposes of property tax assessment,Approved
2024,Louisiana,Legislature,Approved,Louisiana Amendment 1,"Increase the membership of the judiciary commission by five members, add malfeasance while in office",Approved
2024,Legislature,Approved,Louisiana Amendment 2,Prohibit the consideration of a conference committee report or senate amendments on an appropriation,Dec 7,Approved
2024,Legislature,Approved,Louisiana Amendment 3,"Allow the state legislature to extend its regular session by two-day increments, up to a maximum of ",Dec 7,Approved
2024,Legislature,Approved,Louisiana Amendment 4,"Authorize the state legislature to provide for property tax sales in state law, provide that tax pay",Dec 7,Approved
2024,Arizona,15th week,Citizens,Approved,Proposition 139,Approved
2024,Colorado,Any stage,Citizens,Approved,Amendment 79,Approved
2024,Florida,6th week,Citizens,On ballot,Amendment 4,
2024,Hawaii,Fetal viability,Legislature,Died in legislature,Right to Abortion,
2024,Iowa,6th week,Legislature,Died in legislature,No State Constitutional Right to Abortion,
2024,Maine,Fetal viability,Legislature,Died in legislature,Right to Personal Reproductive Autonomy,
2024,Maryland,Fetal viability,Legislature,Approved,Question 1,Approved
2024,Minnesota,All stages,Legislature,Died in legislature,Equal Under the Law,
2024,Missouri,Banned,Citizens,Approved,Amendment 3,Approved
2024,Montana,Fetal viability,Citizens,Approved,CI-128,Approved
2024,Nebraska,12th week,Citizens,Approved,Initiative 434,Approved
2024,Citizens,Failed,Initiative 439,Enshrines abortion until fetal viability,50.99%-49.01%,Failed
2024,Nevada,24th week,Citizens,"Approved,  must pass again in 2026 to be added.",Question 6,"Approved,  must pass again in 2026 to be added."
2024,New York,24th week and fetal viability,Legislature,Approved,Proposal 1,Approved
2024,Pennsylvania,24th week,Legislature,Not re-approved,No State Constitutional Right to Abortion,Not re-approved
2024,South Dakota,Banned,Citizens,Failed,Amendment G,Failed
2024,Wisconsin,22nd week,Legislature,Died in legislature,14-Week Abortion Ban,
2024,Arizona,Legislature,Approved,Proposition 313,Requires life imprisonment for people convicted of child sex trafficking.,Approved
2024,Legislature,Approved,Proposition 314,Makes it a state crime for noncitizens to unlawfully enter the state and allows police to arrest the,Nov 5,Approved
2024,California,Legislature,Failed,Proposition 6,"Removed the penal exception clause from California's State Constitution, and constitutionally banned",Failed
2024,Citizens,Approved,Proposition 36,Classifies certain drug offenses as felonies; increases penalties for certain drug crimes; increases,68.4%-31.6%,Approved
2024,Colorado,Legislature,Approved,Amendment I,Removes right to bail for first-degree murder when proof is evident.,Approved
2024,Citizens,Approved,Proposition 128,Requires offenders convicted of certain violent crimes to serve at least 85% of their sentence befor,Nov 5,Approved
2024,Citizens,Approved,Proposition 130,"Provides $350 million in additional funding to law enforcement to help recruit, train, and retain po",Nov 5,Approved
2024,Alaska,Citizens,On ballot,Ballot Measure 1,Increases the minimum wage to $15/hr (currently $11.73/hr) by July 2027; provides 40–56 hours of pai,
2024,Arizona,Legislature,Failed,Proposition 138,Permits employers to pay tipped employees up to 25% less than the minimum wage (currently $14.35/hr),Failed
2024,California,Citizens,Approved,Proposition 32,"Increases the minimum wage to $18/hr (currently $16/hr) by 2026, subject to annual increase based on",Approved
2024,Massachusetts,Citizens,On ballot,Question 5,Increases the minimum wage for tipped employees (currently $6.75/hr) to the state minimum wage of $1,
2024,Missouri,Citizens,Approved,Proposition A,Increases the minimum wage to $15/hr (currently $12.30/hr) by 2026; requires 1 hour of paid sick lea,Approved
2024,Nebraska,Citizens,Approved,Initiative 436,Requires between five and seven days of paid sick leave for employees depending on the size of the b,Approved
2024,California,Legislature,Approved,Proposition 3,"Repeals 2008's Proposition 8 , which outlawed same-sex marriage in the state.",Approved
2024,Colorado,Legislature,Approved,Amendment J,"Repeals 2006's Amendment 43 , which outlawed same-sex marriage in the state.",Approved
2024,Hawaii,Legislature,Approved,2802 HD1,Repeals the state legislature's authority to restrict same-sex marriage.,Approved
2024,Arkansas,Citizens,"On ballot, votes will not be counted",Issue 3,Adds a new subsection to the state constitution that would prohibit legislators from changing or rep,
2024,Florida,Citizens,Failed,Amendment 3,"Legalizes possession of up to 3 ounces of marijuana for adults aged 21 and over, allows Medical Mari",Failed
2024,Nebraska,Citizens,Approved,Initiative 437,Legalizes the use of up to five ounces of marijuana for medical use by qualified patients.,Approved
2024,North Dakota,Legislature,Failed,Constitutional Measure 5,"Legalizes production, processing, and sale of marijuana for recreational use for adults 21 and older",Failed
2024,South Dakota,Citizens,Failed,Initiated Measure 29,"Legalizes the possession of, distribution and recreational usage of marijuana for adults 21 or older",Failed
2024,Alaska,Citizens,Failed,Ballot Measure 2,Repeals the state's top-four primaries and ranked-choice elections.,Failed
2024,Arizona,Legislature,Failed,Proposition 133,Prohibits nonpartisan primaries .,Failed
2024,Citizens,Failed,Proposition 140,"Requires majority vote to be used in general elections, and creates nonpartisan primaries.",58.7-41.3,Failed
2024,Colorado,Citizens,Failed,Proposition 131,Implements a top-four nonpartisan primary; with ranked-choice voting for the general election for st,Failed
2024,District of Columbia,Citizens,Approved,Initiative 83,Allows independent voters to participate in partisan primaries and implements ranked-choice voting.,Approved
2024,Idaho,Legislature,Approved,Citizenship Requirement for Voting,Prohibits state and local governments from allowing non-citizens to vote .,Approved
2024,Citizens,Failed,Proposition 1,Implements a top-four nonpartisan primary; with ranked-choice voting for the general election for st,69.6%-30.4%,Failed
2024,Kentucky,Legislature,Approved,Amendment 1,Prohibits state and local governments from allowing non-citizens to vote .,Approved
2024,Missouri,Legislature,Approved,Amendment 7,"Prohibits state and local governments from allowing non-citizens to vote , and ban ranked-choice vot",Approved
2024,Montana,Citizens,Failed,CI-126,Implements top-four primaries for state and federal offices.,Failed
2024,Citizens,Failed,CI-127,Requires the state to adopt an election system where the winner must receive a majority of the vote.,60.4-39.6,Failed
2024,Nevada,Citizens,Failed,Question 3,Implements a top-five nonpartisan primary; with ranked-choice voting for the general election for st,Failed
2024,North Carolina,Legislature,Approved,Citizenship Requirement for Voting,Prohibits state and local governments from allowing non-citizens to vote .,Approved
2024,Oklahoma,Legislature,Approved,State Question 834,Prohibits state and local governments from allowing non-citizens to vote .,Approved
2024,Oregon,Legislature,Failed,Measure 117,Implements ranked-choice voting for primary and general elections for statewide executive and federa,Failed
2024,South Carolina,Legislature,Approved,Citizenship Requirement for Voting,Prohibits state and local governments from allowing non-citizens to vote .,Approved
2024,South Dakota,Citizens,Failed,Amendment H,"Implements top-two primaries for state, county, and federal offices.",Failed
2024,Wisconsin,Legislature,Approved,Citizenship Voting Requirement,Prohibits state and local governments from allowing non-citizens to vote .,Approved
2022,Amendment 1,Legislatively-referred constitutional amendment,Authorize $85 Million in Bonds for Public Historical Sites and State Parks Amendment Sale and issuan,Passed,,Passed
2022,Alabama Question,Legislatively-referred constitutional amendment,Alabama Recompiled Constitution Ratification Question Ratify the Constitution of Alabama of 2022 tha,Passed,,Passed
2022,Amendment 1,Legislatively-referred constitutional amendment,Allow Denial of Bail for Offenses Enumerated by State Legislature Amendment Authorize the Legislatur,Passed,,Passed
2022,Amendment 2,Legislatively-referred constitutional amendment,Broadband Internet Infrastructure Funding Amendment Allow state and local governments to fund the pr,Passed,,Passed
2022,Amendment 3,Legislatively-referred constitutional amendment,Notice to Victim's Family Required for Commutation or Reprieve of Death Sentences Amendment Requires,Passed,,Passed
2022,Amendment 4,Legislatively-referred constitutional amendment,Prohibit Changes to Election Conduct Laws within Six Months of General Elections Amendment Require a,Passed,,Passed
2022,Amendment 5,Legislatively-referred constitutional amendment,Remove Orphans' Business from Probate Court Jurisdiction Amendment Remove orphans' businesses from t,Passed,,Passed
2022,Amendment 6,Legislatively-referred constitutional amendment,Authorize Certain Cities to Use Special Property Tax Revenue to Pay for Capital Improvements Directl,Passed,,Passed
2022,Amendment 7,Legislatively-referred constitutional amendment,Local Economic and Industrial Development Bonds and Financing Amendment Change the requirement for l,Passed,,Passed
2022,Amendment 8,Legislatively-referred constitutional amendment,Public Service Commission to Regulate Private Sewer Systems in Shelby County Amendment Provide that ,Passed,,Passed
2022,Amendment 9,Legislatively-referred constitutional amendment,Public Service Commission to Regulate Private Sewer System in Lake View Amendment Provide that the S,Passed,,Passed
2022,Amendment 10,Legislatively-referred constitutional amendment,Incorporate Voter-Approved Amendments in New State Constitution Measure Authorize the Code Commissio,Passed,,Incorporate Voter-Approved Amendments in New State Constitution Measure Authorize the Code Commissio
2022,Ballot Measure 1,Automatic ballot referral,Constitutional Convention Question Hold a state constitutional convention,Failed,,Failed
2022,Proposition 128,Legislatively-referred constitutional amendment,Legislative Changes to Ballot Initiatives with Invalid Provisions Amendment Allow the Legislature to,Failed,,Failed
2022,Proposition 129,Legislatively-referred constitutional amendment,Single-Subject Requirement for Ballot Initiatives Amendment Limits citizen-initiated ballot measures,Passed,,Passed
2022,Proposition 130,Legislatively-referred constitutional amendment,Arizona Property Tax Exemptions Amendment Allows the Legislature to determine property tax exemption,Passed,,Passed
2022,Proposition 131,Legislatively-referred constitutional amendment,"Create Office of Lieutenant Governor Amendment Creates a new office of Lieutenant Governor , which i",Passed,,Passed
2022,Proposition 132,Legislatively-referred constitutional amendment,60% Vote Requirement for Ballot Measures to Approve Taxes Amendment Require at least 60% of the vote,Passed,,Passed
2022,Proposition 209,Citizen-initiated state statute,Healthcare Debt Interest Rate Limit and Debt Collection Exemptions Initiative Limit interest rates f,Passed,,Passed
2022,Proposition 211,Citizen-initiated state statute,Campaign Finance Sources Disclosure Initiative Sets new limits on campaign finance. Require addition,Passed,,Passed
2022,Proposition 308,Legislatively-referred state statute,In-State Tuition for Non-Citizen Residents Measure Repeal provisions of Proposition 300 (2006) that ,Passed,,Passed
2022,Proposition 309,Legislatively-referred state statute,Voter Identification Requirements for Mail-In Ballots and In-Person Voting Measure Require date-of-b,Failed,,Failed
2022,Proposition 310,Legislatively-referred state statute,Sales Tax for Fire District Funding Measure Impose a 0.1% sales tax for 20 years to fund Fire Distri,Failed,,Failed
2022,Issue 1,Legislatively-referred constitutional amendment,Legislative Authority to Call a Special Session Amendment Allows the Legislature to convene in an ex,Failed,,Failed
2022,Issue 2,Legislatively-referred constitutional amendment,60% Supermajority Vote Requirement for Constitutional Amendments and Ballot Initiatives Measure Requ,Failed,,Failed
2022,Issue 3,Legislatively-referred constitutional amendment,"Government Burden of Free Exercise of Religion Amendment Provide that the State Government ""shall no",Failed,,Failed
2022,Issue 4,Ballot initiative constitutional amendment,Marijuana Legalization Initiative Legalize the possession and use of up to one ounce of marijuana fo,Failed,,Failed
2022,Proposition 1,Legislatively-referred constitutional amendment,Right to Reproductive Freedom Amendment Prohibit the state government from denying or interfering wi,Passed,,Passed
2022,Proposition 26,Legislatively-referred constitutional amendment and state statute,Legalize Sports Betting on American Indian Lands Initiative Legalize sports betting at Native Americ,Failed,,Failed
2022,Proposition 27,Legislatively-referred constitutional amendment and state statute,Legalize Sports Betting and Revenue for Homelessness Prevention Fund Initiative Legalize online and ,Failed,,Failed
2022,Proposition 28,Citizen-initiated state statute,Art and Music K-12 Education Funding Initiative Require annual funding for arts and music education ,Passed,,Passed
2022,Proposition 29,Citizen-initiated state statute,Dialysis Clinic Requirements Initiative Require kidney dialysis clinics to: Have at least one physic,Failed,,Failed
2022,Proposition 30,Citizen-initiated state statute,Tax on Income Above $2 Million for Zero-Emissions Vehicles and Wildfire Prevention Initiative Increa,Failed,,Failed
2022,Proposition 31,Veto referendum on state statute,Referendum Challenging a 2020 Law Prohibiting Retail Sale Of Certain Flavored Tobacco Products Uphol,Passed,,Passed
2022,Amendment D,Legislatively-referred constitutional amendment,Designate Judges to Twenty-Third Judicial District Measure Require the Governor to designate judges ,Passed,,Passed
2022,Amendment E,Legislatively-referred constitutional amendment,Homestead Exemption to Surviving Spouses of U.S. Armed Forces Members and Veterans Measure Extend an,Passed,,Passed
2022,Amendment F,Legislatively-referred constitutional amendment,Charitable Gaming Measure Repeal the ban on paying managers and operators of charitable gaming activ,Failed,,Failed
2022,Proposition 121,Citizen-initiated state statute,State Income Tax Rate Reduction Initiative Decrease the state income tax rate from 4.55% to 4.40% fo,Passed,,Passed
2022,Proposition 122,Citizen-initiated state statute,Decriminalization and Regulated Access Program for Certain Psychedelic Plants and Fungi Initiative D,Passed,,Passed
2022,Proposition 123,Citizen-initiated state statute,Dedicate State Income Tax Revenue to Fund Housing Projects Initiative The creation of the State Affo,Passed,,Passed
2022,Proposition 124,Citizen-initiated state statute,Retail Liquor Store Licenses Initiative Increase the number of retail liquor licenses an individual ,Failed,,Failed
2022,Proposition 125,Citizen-initiated state statute,"Wine Sales in Grocery and Convenience Stores Initiative Allows grocery stores , convenience stores a",Passed,,Passed
2022,Proposition 126,Citizen-initiated state statute,Alcohol Delivery Service Initiative Allow retail establishments to offer delivery services (includin,Failed,,Failed
2022,Proposition FF,Legislatively-referred state statute,Reduce Income Tax Deduction Amounts to Fund School Meals Program Measure Reduce income tax deduction,Passed,,Passed
2022,Proposition GG,Legislatively-referred state statute,Table of Changes to Income Tax Owed Required for Citizen Initiatives Measure Require ballot initiati,Passed,,Passed
2022,Amendment 1,Legislatively-referred constitutional amendment,Disregard Flood Resistance Improvements in Property Value Assessments Measure Prohibit flood resista,Failed,,Failed
2022,Amendment 2,Legislatively-referred constitutional amendment,Abolish the Constitution Revision Commission Measure Abolish the Florida Constitution Revision Commi,Failed,,Failed
2022,Amendment 3,Legislatively-referred constitutional amendment,Additional Homestead Property Tax Exemption for Certain Public Service Workers Amendment Provide an ,Failed,,Failed
2022,Amendment 1,Legislatively-referred constitutional amendment,Suspend Compensation for Assembly Members and Public Officials Indicted for a Felony Measure Suspend,Passed,,Passed
2022,Amendment 2,Legislatively-referred constitutional amendment,Temporary Property Tax Change for Disaster Areas Measure Allow local governments to give tax relief ,Passed,,Passed
2022,Referendum A,Legislatively-referred statute,Timber Equipment Exempt from Property Taxes Measure Exempt certain timber equipment owned by a timbe,Passed,,Passed
2022,Referendum B,Legislatively-referred statute,Merged Family-Owned Farms and Dairy and Eggs Tax Exemption Measure Expand agricultural equipment tax,Passed,,Passed
2022,Advisory Ballot,Legislatively-referred constitutional amendment,Income and Corporate Tax Changes and Education Funding Question Enact a flat 5.8% income and corpora,Passed,,Passed
2022,Constitutional Amendment SJR 102,Legislatively-referred constitutional amendment,Legislative Authority to Call a Special Session Amendment Allow the Senate President and House Speak,Passed,,Passed
2022,Amendment 1,Legislatively-referred constitutional amendment,Right to Collective Bargaining Measure Guarantee workers the right to organize and the right to coll,Passed,,Passed
2022,Amendment 1,Legislatively-referred constitutional amendment,Right to Keep and Bear Arms Amendment Amends the Iowa constitution to include the right to own and b,Passed,,Passed
2022,Kansas Value Them Both Amendment,Legislatively-referred constitutional amendment,Kansas No State Constitutional Right to Abortion and Legislative Power to Regulate Abortion Amendmen,Failed,,Failed
2022,Amendment 1,Legislatively-referred constitutional amendment,Legislative Veto or Suspension of Executive Agency Regulations Amendment Authorizes the Legislature ,Failed,,Failed
2022,Amendment 2,Legislatively-referred constitutional amendment,County Sheriff Election and Recall Amendment Requires the election of county sheriffs in counties th,Passed,,Passed
2022,Amendment 1,Legislatively-referred constitutional amendment,Changes to Legislative Session End Dates and Special Sessions Amendment Require the Legislature to h,Failed,,Failed
2022,Amendment 2,Legislatively-referred constitutional amendment,No Right to Abortion in Constitution Amendment Change the state constitution to state that nothing i,Failed,,Failed
2022,Amendment 1,Legislatively-referred constitutional amendment,Increase Maximum Amount Invested in Equities for Certain State Funds Measure Increase the portion of,Failed,,Failed
2022,Amendment 2,Legislatively-referred constitutional amendment,Property Tax Exemptions for Certain Disabled Veterans and Spouses Measure Expand property tax exempt,Passed,,Passed
2022,Amendment 3,Legislatively-referred constitutional amendment,Classified Civil Service Employee Public Support of Family Members' Campaigns Measure Allow civil se,Failed,,Failed
2022,Amendment 4,Legislatively-referred constitutional amendment,Waiving Water Charges Measure Waives water charges to customer if they were not caused by the action,Passed,,Passed
2022,Amendment 5,Legislatively-referred constitutional amendment,Adjustment of Ad Valorem Tax Rates Measure Provide that property tax rates can be increased by a two,Failed,,Failed
2022,Amendment 6,Legislatively-referred constitutional amendment,Limit on Assessed Value Increase of Reappraised Property in Orleans Parish Measure Limit yearly incr,Failed,,Failed
2022,Amendment 7,Legislatively-referred constitutional amendment,Remove Involuntary Servitude as Punishment for a Crime from Constitution Measure Remove language in ,Failed,,Failed
2022,Amendment 8,Legislatively-referred constitutional amendment,Remove Special Assessment Property Tax Annual Income Recertification for Permanently Disabled Homeow,Passed,,Passed
2022,Amendment 1,Legislatively-referred constitutional amendment,Citizen Requirement for Voting Measure Mandate that only United States citizens are allowed to regis,Passed,,Passed
2022,Amendment 2,Legislatively-referred constitutional amendment,Senate Confirmation for Appointees to State Civil Service Commission Measure Require Senate confirma,Passed,,Passed
2022,Amendment 3,Legislatively-referred constitutional amendment,Senate Confirmation for Appointees to State Police Commission Measure Require Senate confirmation fo,Passed,,Passed
2022,Question 1,Legislatively-referred constitutional amendment,Renaming of the Courts of Appeals and Special Appeals Amendment Change the name of the Maryland Cour,Passed,,Passed
2022,Question 2,Legislatively-referred constitutional amendment,Residency Requirements for State Legislators Amendment Require state legislative candidates to live ,Passed,,Passed
2022,Question 3,Legislatively-referred constitutional amendment,"Civil Jury Trials Amendment Raise the state's jury trial threshold from $15,000 to $25,000.",Passed,,Passed
2022,Question 4,Legislatively-referred constitutional amendment,"Marijuana Legalization Amendment Legalizes and taxes cannabis for adult use, effective July 1, 2023.",Passed,,Passed
2022,Question 5,Legislatively-referred constitutional amendment,Requiring Howard County Circuit Court Judges to Serve on Orphan Court Amendment Require Howard Count,Passed,,Passed
2022,Question 1,Legislatively-referred constitutional amendment,Tax on Income Above $1 Million for Education and Transportation Amendment A new 4% tax on incomes ab,Passed,,Passed
2022,Question 2,Citizen-initiated state statute,Medical Loss Ratios for Dental Insurance Plans Initiative Enact a medical loss ratio of 83% for dent,Passed,,Passed
2022,Question 3,Citizen-initiated state statute,Changes to Alcohol Retail Licensing Initiative Change the number of alcohol licenses an establishmen,Failed,,Failed
2022,Question 4,Veto referendum,Remove Proof of Citizenship or Immigration Status for Driver's License Applications Referendum Maint,Passed,,Passed
2022,Proposal 1,Legislatively-referred constitutional amendment,Legislative Term Limits and Financial Disclosure Amendment. Change term limits in the Michigan state,Passed,,Passed
2022,Proposal 2,Citizen-initiated constitutional amendment,Right to Voting Policies Amendment Change voting procedures in the state with the intent of making i,Passed,,Passed
2022,Proposal 3,Citizen-initiated constitutional amendment,"Right to Reproductive Freedom Initiative Protect the right to make decisions on prenatal care, child",Passed,,Passed
2022,Amendment 1,Legislatively-referred constitutional amendment,State Treasurer Investment Authority Amendment Change how the State Treasurer of Missouri is allowed,Failed,,Failed
2022,Amendment 3,Citizen-initiated constitutional amendment,"Marijuana Legalization Initiative Legalize the possession, consumption, manufacture, sale and delive",Passed,,Passed
2022,Amendment 4,legislatively-referred constitutional amendment,Allow Legislature to Require a City to Increase Funding without State Reimbursement for a Police For,Passed,,Passed
2022,Amendment 5,legislatively-referred constitutional amendment,Department of the National Guard Amendment Makes the Missouri National Guard its own department and ,Passed,,Passed
2022,Question,Automatic ballot referral,Missouri Constitutional Convention Question Hold a state constitutional convention .,Failed,,Failed
2022,C-48,Legislatively-referred constitutional amendment,Search Warrant for Electronic Data Amendment Require a search warrant to access a person's electroni,Passed,,Passed
2022,LR-131,Legislatively-referred state statute,Medical Care Requirements for Born-Alive Infants Measure Classify infants born alive after an attemp,Failed,,Failed
2022,Amendment 1,Legislatively-referred constitutional amendment,Authorize Local Governments to Develop Commercial Air Travel Service Amendment Allow local governmen,Passed,,Passed
2022,Initiative 432,Citizen-initiated constitutional amendment,Photo Voter Identification Initiative Require photo identification in order to vote. Valid identific,Passed,,Passed
2022,Initiative 433,Citizen-initiated constitutional amendment,Minimum Wage Increase Initiative Raise the minimum wage of Nebraska to $9 per hour in 2023. Incremen,Passed,,Passed
2022,Question 1,Legislatively-referred constitutional amendment,Equal Rights Amendment Amend the state constitution to prohibit discrimination based on an individua,Passed,,Passed
2022,Question 2,Legislatively-referred constitutional amendment,Minimum Wage Amendment Increase the minimum wage to $12.00 per hour by July 2024. Allow the state le,Passed,,Passed
2022,Question 3,Citizen-initiated constitutional amendment,Top-Five Ranked Choice Voting Initiative Abolish partisan primaries for federal and state offices. H,Passed,,Passed
2022,Question,Automatic ballot referral,New Hampshire Constitutional Convention Question (2022) The holding of a state constitutional conven,Failed,,Failed
2022,Question 1,Legislatively-referred constitutional amendment,Abolish Office of Register of Probate Amendment Eliminate the Office of Register of Probate and any ,Failed,,Failed
2022,Bond Question 1,Bond issue,"Senior Citizens Facilities Bond Issue Sale and issuance of $24,470,000 in bonds for the improving of",Passed,,Passed
2022,Bond Question 2,Bond issue,"Public Libraries Bond Issue Sale and issuance of $19,266,000 in bonds for the improving of public li",Passed,,Passed
2022,Bond Question 3,Bond issue,"Public Education Bond Issue Sale and issuance of $215,986,000 in bonds for the improving of certain ",Passed,,Passed
2022,Constitutional Amendment 1,Legislatively-referred constitutional amendment,Funding for Early Childhood Programs Amendment Allocate 1.25% of the five-year average of year-end m,Passed,.,Passed
2022,Constitutional Amendment 2,Legislatively-referred constitutional amendment,Authorizing Funds for Residential Services Infrastructure Amendment Allow appropriate state funds to,Passed,,Passed
2022,Constitutional Amendment 3,Legislatively-referred constitutional amendment,Appointed Judge Elections Amendment Appointed judges will remain in office for at least a year befor,Passed,,Passed
2022,Proposal 1,Legislatively-referred state statute,Environmental Bond Measure Sale and issuance of $4.20 billion in state bonds for funding projects cl,Passed,,Passed
2022,Constitutional Measure 1,Citizen-initiated constitutional amendment,Term Limits for Governor and State Legislators Initiative Limit the Governor to serving two four-yea,Passed,,Passed
2022,Statutory Measure 2,Citizen-initiated state statute,Marijuana Legalization Initiative Legalize the use and possession of up to one ounce of marijuana fo,Failed,,Failed
2022,Issue 1,Legislatively-referred constitutional amendment,Determining Bail Amount Based on Public Safety Amendment Require consideration of public safety in t,Passed,,Passed
2022,Issue 2,Legislatively-referred constitutional amendment,Citizenship Voting Requirement Amendment Prohibit local governments from allowing non-citizens or th,Passed,,Passed
2022,Measure 111,Legislatively-referred constitutional amendment,Right to Healthcare Amendment Amends the Oregon Constitution to ensure access to cost-effective and ,Passed,,Passed
2022,Measure 112,Legislatively-referred constitutional amendment,Remove Slavery as Punishment for Crime from Constitution Amendment Removes language from the Oregon ,Passed,,Passed
2022,Measure 113,Citizen-initiated constitutional amendment,Exclusion from Re-election for Legislative Absenteeism Initiative Disqualify legislators for re-elec,Passed,,Passed
2022,Measure 114,Citizen-initiated state statute,Changes to Firearm Ownership and Purchase Requirements Initiative Require permits from local law enf,Passed,,Passed
2022,Question 1,Bond Issue,University Narragansett Bay Campus Bond Measure Sale and issuance of $100 million in bonds for fundi,Passed,,Passed
2022,Question 2,Bond Issue,Public School Buildings Bond Measure Sale and issuance of $250 million in bonds for construction and,Passed,,Passed
2022,Question 3,Bond Issue,Environment and Recreation Bond Measure Sale and issuance of $50 million in bonds for environmental ,Passed,,Passed
2022,Amendment 1,Legislatively-referred constitutional amendment,General Reserve Fund Increase Measure Increase the funds the General Reserve Fund receives from the ,Passed,,Passed
2022,Amendment 2,Legislatively-referred constitutional amendment,Capital Reserve Fund Increase Measure Increase the funds the Capital Reserve Fund receives from the ,Passed,,Passed
2022,Constitutional Amendment C,Legislatively-referred constitutional amendment,60% Vote Requirement for Ballot Measures Increasing Taxes or Appropriating $10 Million Amendment Req,Failed,,Failed
2022,Constitutional Amendment D,Legislatively-referred constitutional amendment,Medicaid Expansion Initiative Require the state to expand Medicaid coverage for adults between the a,Passed,,Passed
2022,Initiated Measure 27,Legislatively-referred state statute,"Marijuana Legalization Initiative Legalize the possession, distribution, and use of marijuana for pe",Failed,,Failed
2022,Amendment 1,Legislatively-referred constitutional amendment,Right-to-Work Amendment Make it illegal for employers to mandate labor union membership for employee,Passed,,Passed
2022,Amendment 2,Legislatively-referred constitutional amendment,Acting Governor Amendment Provide a process and line of succession for an acting Governor when and i,Passed,,Passed
2022,Amendment 3,Legislatively-referred constitutional amendment,Remove Slavery as Punishment for Crime from Constitution Amendment Remove language from the Tennesse,Passed,,Passed
2022,Amendment 4,Legislatively-referred constitutional amendment,Remove Religious Minister Disqualification Amendment Remove a section of the Tennessee Constitution ,Passed,,Passed
2022,Proposition 1,Legislatively-referred constitutional amendment,Property Tax Limit Reduction for Elderly and Disabled Residents Amendment Allow the Legislature to l,Passed,,Passed
2022,Proposition 2,Legislatively-referred constitutional amendment,Increased Homestead Exemption for School District Property Taxes Amendment Increase homestead exempt,Passed,,Passed
2022,Constitutional Amendment A,Legislatively-referred constitutional amendment,Emergency Session Appropriation Limits Measure Increases the approprations limit of an emergency ses,Failed,,Failed
2022,Proposal 2,Legislatively-referred constitutional amendment,Prohibit Slavery and Indentured Servitude Amendment Removes language in the State Constitution that ,Passed,,Passed
2022,Proposal 5,Legislatively-referred constitutional amendment,Right to Personal Reproductive Autonomy Amendment Protects the right to personal reproductive autono,Passed,,Passed
2022,Advisory Vote 39,Advisory Question,Aircraft Fuel Tax Increase Nonbinding Question Maintain a tax increase on aircraft from 11 cents per,Repealed,,
2022,Advisory Vote 40,Advisory Question,Transportation Network Companies Tax Nonbinding Question Maintain a tax on transportation network co,Repealed,,
2022,Initiative 82,Citizen-initiated statute,Increase Minimum Wage for Tipped Employees Measure Phase out the minimum wage exemption for tipped e,Passed,,Passed
2022,Amendment 1,Legislatively-referred constitutional amendment,No Court Authority over Impeachment Amendment Prohibit state courts from having authority over impea,Failed,,Failed
2022,Amendment 2,Legislatively-referred constitutional amendment,Authorize Tax Exemptions for Vehicles and Personal Property Used for Business Amendment Authorize th,Failed,,Failed
2022,Amendment 3,Legislatively-referred constitutional amendment,Incorporation of Religious Denominations and Churches Amendment Allow the West Virginia Legislature ,Failed,,Failed
2022,Amendment 4,Legislatively-referred constitutional amendment,Legislative Approval of the State Board of Education Rules Amendment Require the West Virginia Board,Failed,,Failed
2022,Constitutional Amendment A,Legislatively-referred constitutional amendment,Local Government Stock Investing Amendment Allow the Wyoming Legislature to provide that local gover,Passed,,Passed
2022,Constitutional Amendment B,Legislatively-referred constitutional amendment,Judicial Retirement Age Measure Increase the retirement age for state supreme court justices and dis,Failed,,Failed
